GROUP,PACKAGE,CLASS,INSTRUCTION_MISSED,INSTRUCTION_COVERED,BRANCH_MISSED,BRANCH_COVERED,LINE_MISSED,LINE_COVERED,COMPLEXITY_MISSED,COMPLEXITY_COVERED,METHOD_MISSED,METHOD_COVERED
oshi-dist/oshi-core,oshi.driver.windows,EnumWindows,122,0,14,0,25,0,11,0,4,0
oshi-dist/oshi-core,oshi.driver.windows,DeviceTree,259,0,18,0,48,0,13,0,4,0
oshi-dist/oshi-core,oshi.driver.windows,LogicalProcessorInformation,382,0,42,0,64,0,30,0,8,0
oshi-dist/oshi-core,oshi.util.platform.windows,PerfCounterQuery,290,0,27,0,59,0,21,0,6,0
oshi-dist/oshi-core,oshi.util.platform.windows,PerfDataUtil.PerfCounter,54,0,2,0,14,0,6,0,5,0
oshi-dist/oshi-core,oshi.util.platform.windows,PerfCounterQueryHandler,178,0,24,0,49,0,20,0,8,0
oshi-dist/oshi-core,oshi.util.platform.windows,PerfDataUtil,207,0,32,0,43,0,24,0,8,0
oshi-dist/oshi-core,oshi.util.platform.windows,WmiQueryHandler,294,0,37,0,78,0,35,0,15,0
oshi-dist/oshi-core,oshi.util.platform.windows,WmiUtil,556,0,38,0,67,0,32,0,13,0
oshi-dist/oshi-core,oshi.util.platform.windows,PerfCounterWildcardQuery,357,0,35,0,68,0,24,0,5,0
oshi-dist/oshi-core,oshi.driver.unix.solaris,PsInfo,603,0,60,0,103,0,37,0,7,0
oshi-dist/oshi-core,oshi.driver.unix.solaris,PsInfo.LwpsInfoT,186,0,0,0,29,0,3,0,3,0
oshi-dist/oshi-core,oshi.driver.unix.solaris,Who,88,0,16,0,17,0,10,0,2,0
oshi-dist/oshi-core,oshi.driver.unix.solaris,PsInfo.PsInfoT,287,0,0,0,42,0,3,0,3,0
oshi-dist/oshi-core,oshi.software.os,OSService,0,21,0,0,0,8,0,4,0,4
oshi-dist/oshi-core,oshi.software.os,OSService.State,0,21,0,0,0,2,0,1,0,1
oshi-dist/oshi-core,oshi.software.os,OSThread,12,0,0,0,6,0,6,0,6,0
oshi-dist/oshi-core,oshi.software.os,OSSession,24,73,6,2,1,16,4,7,0,7
oshi-dist/oshi-core,oshi.software.os,InternetProtocolStats.IPConnection,5,134,0,0,3,26,1,10,1,10
oshi-dist/oshi-core,oshi.software.os,InternetProtocolStats.TcpStats,0,120,0,0,0,23,0,12,0,12
oshi-dist/oshi-core,oshi.software.os,OSDesktopWindow,49,39,0,0,4,14,3,6,3,6
oshi-dist/oshi-core,oshi.software.os,InternetProtocolStats.TcpState,0,81,0,0,0,3,0,1,0,1
oshi-dist/oshi-core,oshi.software.os,OSProcess.State,0,57,0,0,0,10,0,1,0,1
oshi-dist/oshi-core,oshi.software.os,OperatingSystem.OSVersionInfo,9,66,6,4,1,16,5,5,0,5
oshi-dist/oshi-core,oshi.software.os,InternetProtocolStats.UdpStats,0,54,0,0,0,11,0,6,0,6
oshi-dist/oshi-core,oshi.software.os,OperatingSystem.ProcessSorting,0,29,0,0,0,11,0,2,0,2
oshi-dist/oshi-core,oshi.software.os,OSProcess,6,0,0,0,3,0,3,0,3,0
oshi-dist/oshi-core,oshi.software.os,OperatingSystem,17,21,1,1,4,3,5,2,4,2
oshi-dist/oshi-core,oshi.software.os,OperatingSystem.ProcessFiltering,26,21,7,1,0,5,7,3,3,3
oshi-dist/oshi-core,oshi.hardware.common,AbstractVirtualMemory,50,0,0,0,11,0,2,0,2,0
oshi-dist/oshi-core,oshi.hardware.common,AbstractUsbDevice,149,0,8,0,29,0,15,0,11,0
oshi-dist/oshi-core,oshi.hardware.common,AbstractLogicalVolumeGroup,100,0,6,0,21,0,8,0,5,0
oshi-dist/oshi-core,oshi.hardware.common,AbstractGraphicsCard,99,0,0,0,27,0,7,0,7,0
oshi-dist/oshi-core,oshi.hardware.common,AbstractHWDiskStore,152,0,16,0,22,0,14,0,6,0
oshi-dist/oshi-core,oshi.hardware.common,AbstractSoundCard,69,0,0,0,19,0,5,0,5,0
oshi-dist/oshi-core,oshi.hardware.common,AbstractNetworkIF,551,0,32,0,92,0,36,0,20,0
oshi-dist/oshi-core,oshi.hardware.common,AbstractPowerSource,537,0,21,0,117,0,39,0,26,0
oshi-dist/oshi-core,oshi.hardware.common,AbstractFirmware,64,0,2,0,11,0,6,0,5,0
oshi-dist/oshi-core,oshi.hardware.common,AbstractComputerSystem,64,0,0,0,11,0,4,0,4,0
oshi-dist/oshi-core,oshi.hardware.common,AbstractDisplay,20,0,0,0,5,0,3,0,3,0
oshi-dist/oshi-core,oshi.hardware.common,AbstractGlobalMemory,190,0,21,0,45,0,16,0,3,0
oshi-dist/oshi-core,oshi.hardware.common,AbstractBaseboard,44,0,0,0,7,0,2,0,2,0
oshi-dist/oshi-core,oshi.hardware.common,AbstractCentralProcessor,720,0,57,0,143,0,60,0,17,0
oshi-dist/oshi-core,oshi.hardware.common,AbstractSensors,71,0,0,0,12,0,5,0,5,0
oshi-dist/oshi-core,oshi.hardware.common,AbstractHardwareAbstractionLayer,47,0,0,0,10,0,6,0,6,0
oshi-dist/oshi-core,oshi.software.os.windows,WindowsOperatingSystem,866,0,105,0,212,0,91,0,38,0
oshi-dist/oshi-core,oshi.software.os.windows,WindowsFileSystem,608,0,48,0,111,0,35,0,9,0
oshi-dist/oshi-core,oshi.software.os.windows,WindowsOSSystemInfo,65,0,4,0,21,0,7,0,5,0
oshi-dist/oshi-core,oshi.software.os.windows,WindowsOSThread,170,0,16,0,48,0,23,0,13,0
oshi-dist/oshi-core,oshi.software.os.windows,WindowsNetworkParams,197,0,22,0,47,0,20,0,9,0
oshi-dist/oshi-core,oshi.software.os.windows,WindowsOSProcess,929,0,90,0,219,0,85,0,40,0
oshi-dist/oshi-core,oshi.software.os.windows,WindowsOSFileStore,140,0,10,0,35,0,15,0,10,0
oshi-dist/oshi-core,oshi.software.os.windows,WindowsInternetProtocolStats,523,0,30,0,88,0,32,0,12,0
oshi-dist/oshi-core,oshi.util.platform.unix.solaris,KstatUtil,181,0,26,0,38,0,21,0,4,0
oshi-dist/oshi-core,oshi.util.platform.unix.solaris,KstatUtil.KstatChain,122,0,22,0,24,0,17,0,6,0
oshi-dist/oshi-core,oshi.software.os.mac,MacNetworkParams,143,0,18,0,37,0,15,0,6,0
oshi-dist/oshi-core,oshi.software.os.mac,MacOperatingSystem,556,0,62,0,102,0,56,0,25,0
oshi-dist/oshi-core,oshi.software.os.mac,MacOSFileStore,118,0,6,0,31,0,13,0,10,0
oshi-dist/oshi-core,oshi.software.os.mac,MacOSProcess,633,0,51,0,141,0,62,0,34,0
oshi-dist/oshi-core,oshi.software.os.mac,MacOSThread,46,0,0,0,16,0,8,0,8,0
oshi-dist/oshi-core,oshi.software.os.mac,MacInternetProtocolStats,762,0,58,0,145,0,47,0,13,0
oshi-dist/oshi-core,oshi.software.os.mac,MacFileSystem,470,0,56,0,102,0,36,0,8,0
oshi-dist/oshi-core,oshi.driver.windows.perfmon,MemoryInformation.PageSwapProperty,36,0,0,0,9,0,4,0,4,0
oshi-dist/oshi-core,oshi.driver.windows.perfmon,ProcessInformation,10,0,0,0,2,0,2,0,2,0
oshi-dist/oshi-core,oshi.driver.windows.perfmon,ProcessorInformation.InterruptsProperty,28,0,0,0,8,0,4,0,4,0
oshi-dist/oshi-core,oshi.driver.windows.perfmon,PagingFile.PagingPercentProperty,28,0,0,0,8,0,4,0,4,0
oshi-dist/oshi-core,oshi.driver.windows.perfmon,ProcessorInformation.ProcessorFrequencyProperty,28,0,0,0,7,0,3,0,3,0
oshi-dist/oshi-core,oshi.driver.windows.perfmon,SystemInformation,5,0,0,0,1,0,1,0,1,0
oshi-dist/oshi-core,oshi.driver.windows.perfmon,ThreadInformation,5,0,0,0,1,0,1,0,1,0
oshi-dist/oshi-core,oshi.driver.windows.perfmon,ProcessorInformation,25,0,2,0,5,0,5,0,4,0
oshi-dist/oshi-core,oshi.driver.windows.perfmon,MemoryInformation,5,0,0,0,1,0,1,0,1,0
oshi-dist/oshi-core,oshi.driver.windows.perfmon,PhysicalDisk,5,0,0,0,1,0,1,0,1,0
oshi-dist/oshi-core,oshi.driver.windows.perfmon,PagingFile,5,0,0,0,1,0,1,0,1,0
oshi-dist/oshi-core,oshi.driver.windows.perfmon,ThreadInformation.ThreadPerformanceProperty,91,0,0,0,16,0,3,0,3,0
oshi-dist/oshi-core,oshi.driver.windows.perfmon,SystemInformation.ContextSwitchProperty,28,0,0,0,8,0,4,0,4,0
oshi-dist/oshi-core,oshi.driver.windows.perfmon,ProcessInformation.HandleCountProperty,28,0,0,0,7,0,3,0,3,0
oshi-dist/oshi-core,oshi.driver.windows.perfmon,ProcessInformation.ProcessPerformanceProperty,77,0,0,0,14,0,3,0,3,0
oshi-dist/oshi-core,oshi.driver.windows.perfmon,PhysicalDisk.PhysicalDiskProperty,63,0,0,0,12,0,3,0,3,0
oshi-dist/oshi-core,oshi.driver.windows.perfmon,ProcessorInformation.ProcessorTickCountProperty,56,0,0,0,11,0,3,0,3,0
oshi-dist/oshi-core,oshi.driver.unix.freebsd,Who,82,0,14,0,15,0,9,0,2,0
oshi-dist/oshi-core,oshi.driver.unix.solaris.disk,Iostat,241,0,34,0,51,0,19,0,2,0
oshi-dist/oshi-core,oshi.driver.unix.solaris.disk,Lshal,54,0,8,0,13,0,5,0,1,0
oshi-dist/oshi-core,oshi.driver.unix.solaris.disk,Prtvtoc,195,0,37,0,60,0,27,0,1,0
oshi-dist/oshi-core,oshi.driver.unix.aix,PsInfo.LwpsInfoT,112,0,0,0,19,0,3,0,3,0
oshi-dist/oshi-core,oshi.driver.unix.aix,PsInfo,511,0,48,0,90,0,31,0,7,0
oshi-dist/oshi-core,oshi.driver.unix.aix,PsInfo.PsInfoT,214,0,0,0,33,0,3,0,3,0
oshi-dist/oshi-core,oshi.driver.unix.aix,Who,41,0,2,0,9,0,3,0,2,0
oshi-dist/oshi-core,oshi.driver.unix.aix,Ls,61,0,10,0,11,0,6,0,1,0
oshi-dist/oshi-core,oshi.driver.unix.aix,Uptime,56,0,6,0,12,0,5,0,2,0
oshi-dist/oshi-core,oshi.driver.unix.aix,Lssrad,95,0,14,0,20,0,8,0,1,0
oshi-dist/oshi-core,oshi.driver.unix.aix,Lscfg,152,0,22,0,35,0,14,0,3,0
oshi-dist/oshi-core,oshi.driver.unix.aix,Lspv,240,0,24,0,37,0,13,0,1,0
oshi-dist/oshi-core,oshi.util.platform.unix.freebsd,BsdSysctlUtil,202,0,14,0,37,0,13,0,6,0
oshi-dist/oshi-core,oshi.util.platform.unix.freebsd,ProcstatUtil,148,0,20,0,23,0,13,0,3,0
oshi-dist/oshi-core,oshi.software.os.unix.freebsd,FreeBsdOperatingSystem.PsKeywords,123,0,0,0,3,0,1,0,1,0
oshi-dist/oshi-core,oshi.software.os.unix.freebsd,FreeBsdOSThread,245,0,14,0,55,0,24,0,15,0
oshi-dist/oshi-core,oshi.software.os.unix.freebsd,FreeBsdNetworkParams,83,0,6,0,22,0,9,0,6,0
oshi-dist/oshi-core,oshi.software.os.unix.freebsd,FreeBsdInternetProtocolStats,239,0,8,0,44,0,10,0,6,0
oshi-dist/oshi-core,oshi.software.os.unix.freebsd,FreeBsdFileSystem,316,0,42,0,65,0,26,0,5,0
oshi-dist/oshi-core,oshi.software.os.unix.freebsd,FreeBsdOperatingSystem,409,0,40,0,78,0,43,0,23,0
oshi-dist/oshi-core,oshi.software.os.unix.freebsd,FreeBsdOSFileStore,125,0,8,0,32,0,14,0,10,0
oshi-dist/oshi-core,oshi.software.os.unix.freebsd,FreeBsdOSProcess.PsThreadColumns,75,0,0,0,2,0,1,0,1,0
oshi-dist/oshi-core,oshi.software.os.unix.freebsd,FreeBsdOSProcess,727,0,42,0,151,0,60,0,37,0
oshi-dist/oshi-core,oshi.driver.linux.proc,CpuStat,214,0,34,0,48,0,22,0,5,0
oshi-dist/oshi-core,oshi.driver.linux.proc,UpTime,20,0,2,0,7,0,2,0,1,0
oshi-dist/oshi-core,oshi.driver.linux.proc,DiskStats,77,0,10,0,15,0,6,0,1,0
oshi-dist/oshi-core,oshi.driver.linux.proc,UserGroupInfo,111,0,8,0,26,0,9,0,5,0
oshi-dist/oshi-core,oshi.driver.linux.proc,ProcessStat.PidStatM,45,0,0,0,8,0,1,0,1,0
oshi-dist/oshi-core,oshi.driver.linux.proc,DiskStats.IoStat,123,0,0,0,21,0,1,0,1,0
oshi-dist/oshi-core,oshi.driver.linux.proc,CpuInfo,139,0,33,0,46,0,28,0,3,0
oshi-dist/oshi-core,oshi.driver.linux.proc,ProcessStat,331,0,32,0,61,0,30,0,12,0
oshi-dist/oshi-core,oshi.driver.linux.proc,ProcessStat.PidStat,315,0,0,0,53,0,1,0,1,0
oshi-dist/oshi-core,oshi.hardware.platform.mac,MacGlobalMemory,240,0,21,0,54,0,23,0,11,0
oshi-dist/oshi-core,oshi.hardware.platform.mac,MacVirtualMemory,141,0,4,0,28,0,12,0,10,0
oshi-dist/oshi-core,oshi.hardware.platform.mac,MacUsbDevice,572,0,44,0,116,0,31,0,9,0
oshi-dist/oshi-core,oshi.hardware.platform.mac,MacHWDiskStore,787,0,74,0,196,0,51,0,14,0
oshi-dist/oshi-core,oshi.hardware.platform.mac,MacSoundCard,66,0,6,0,20,0,5,0,2,0
oshi-dist/oshi-core,oshi.hardware.platform.mac,MacPowerSource,404,0,42,0,112,0,24,0,3,0
oshi-dist/oshi-core,oshi.hardware.platform.mac,MacFirmware,223,0,44,0,57,0,30,0,7,0
oshi-dist/oshi-core,oshi.hardware.platform.mac,MacDisplay,81,0,8,0,26,0,7,0,3,0
oshi-dist/oshi-core,oshi.hardware.platform.mac,MacLogicalVolumeGroup,140,0,16,0,30,0,13,0,5,0
oshi-dist/oshi-core,oshi.hardware.platform.mac,MacCentralProcessor,612,0,52,0,119,0,39,0,13,0
oshi-dist/oshi-core,oshi.hardware.platform.mac,MacComputerSystem,115,0,14,0,27,0,15,0,8,0
oshi-dist/oshi-core,oshi.hardware.platform.mac,MacHardwareAbstractionLayer,37,0,0,0,13,0,13,0,13,0
oshi-dist/oshi-core,oshi.hardware.platform.mac,MacSensors,79,0,6,0,20,0,7,0,4,0
oshi-dist/oshi-core,oshi.hardware.platform.mac,MacHWDiskStore.CFKey,126,0,0,0,12,0,3,0,3,0
oshi-dist/oshi-core,oshi.hardware.platform.mac,MacNetworkIF,206,0,12,0,56,0,23,0,17,0
oshi-dist/oshi-core,oshi.hardware.platform.mac,MacBaseboard,139,0,24,0,34,0,18,0,6,0
oshi-dist/oshi-core,oshi.hardware.platform.mac,MacGraphicsCard,152,0,22,0,32,0,13,0,2,0
oshi-dist/oshi-core,oshi.hardware.platform.unix.openbsd,OpenBsdComputerSystem,78,0,0,0,16,0,11,0,11,0
oshi-dist/oshi-core,oshi.hardware.platform.unix.openbsd,OpenBsdHardwareAbstractionLayer,35,0,0,0,12,0,12,0,12,0
oshi-dist/oshi-core,oshi.hardware.platform.unix.openbsd,OpenBsdUsbDevice,374,0,32,0,69,0,22,0,6,0
oshi-dist/oshi-core,oshi.hardware.platform.unix.openbsd,OpenBsdVirtualMemory,156,0,12,0,29,0,15,0,9,0
oshi-dist/oshi-core,oshi.hardware.platform.unix.openbsd,OpenBsdSensors,202,0,24,0,36,0,18,0,6,0
oshi-dist/oshi-core,oshi.hardware.platform.unix.openbsd,OpenBsdGlobalMemory,123,0,6,0,27,0,12,0,9,0
oshi-dist/oshi-core,oshi.hardware.platform.unix.openbsd,OpenBsdSoundCard,163,0,16,0,35,0,11,0,3,0
oshi-dist/oshi-core,oshi.hardware.platform.unix.openbsd,OpenBsdFirmware,89,0,10,0,18,0,10,0,5,0
oshi-dist/oshi-core,oshi.hardware.platform.unix.openbsd,OpenBsdGraphicsCard,211,0,42,0,43,0,24,0,3,0
oshi-dist/oshi-core,oshi.hardware.platform.unix.openbsd,OpenBsdPowerSource,388,0,66,0,73,0,36,0,3,0
oshi-dist/oshi-core,oshi.hardware.platform.unix.openbsd,OpenBsdCentralProcessor,602,0,48,0,108,0,38,0,14,0
oshi-dist/oshi-core,oshi.hardware.platform.unix.openbsd,OpenBsdHWDiskStore,310,0,22,0,67,0,23,0,12,0
oshi-dist/oshi-core,oshi.driver.unix.aix.perfstat,PerfstatConfig,23,0,2,0,6,0,3,0,2,0
oshi-dist/oshi-core,oshi.driver.unix.aix.perfstat,PerfstatDisk,41,0,4,0,10,0,4,0,2,0
oshi-dist/oshi-core,oshi.driver.unix.aix.perfstat,PerfstatNetInterface,41,0,4,0,10,0,4,0,2,0
oshi-dist/oshi-core,oshi.driver.unix.aix.perfstat,PerfstatCpu,80,0,10,0,19,0,9,0,4,0
oshi-dist/oshi-core,oshi.driver.unix.aix.perfstat,PerfstatProtocol,41,0,4,0,10,0,4,0,2,0
oshi-dist/oshi-core,oshi.driver.unix.aix.perfstat,PerfstatProcess,44,0,4,0,10,0,4,0,2,0
oshi-dist/oshi-core,oshi.driver.unix.aix.perfstat,PerfstatMemory,23,0,2,0,6,0,3,0,2,0
oshi-dist/oshi-core,oshi.driver.unix.freebsd.disk,GeomPartList,220,0,32,0,53,0,17,0,1,0
oshi-dist/oshi-core,oshi.driver.unix.freebsd.disk,GeomDiskList,121,0,18,0,29,0,10,0,1,0
oshi-dist/oshi-core,oshi.driver.unix.freebsd.disk,Mount,38,0,4,0,8,0,4,0,2,0
oshi-dist/oshi-core,oshi.driver.unix,Who,178,0,16,0,34,0,12,0,4,0
oshi-dist/oshi-core,oshi.driver.unix,NetStat,493,0,60,0,100,0,41,0,5,0
oshi-dist/oshi-core,oshi.driver.unix,Xwininfo,255,0,22,0,48,0,14,0,3,0
oshi-dist/oshi-core,oshi.driver.unix,Xrandr,77,0,12,0,20,0,8,0,2,0
oshi-dist/oshi-core,oshi.software.os.unix.openbsd,OpenBsdOSFileStore,124,0,8,0,32,0,14,0,10,0
oshi-dist/oshi-core,oshi.software.os.unix.openbsd,OpenBsdNetworkParams,11,0,0,0,3,0,3,0,3,0
oshi-dist/oshi-core,oshi.software.os.unix.openbsd,OpenBsdOSThread,234,0,14,0,55,0,24,0,15,0
oshi-dist/oshi-core,oshi.software.os.unix.openbsd,OpenBsdOperatingSystem,395,0,34,0,78,0,39,0,22,0
oshi-dist/oshi-core,oshi.software.os.unix.openbsd,OpenBsdOSProcess,798,0,50,0,169,0,64,0,37,0
oshi-dist/oshi-core,oshi.software.os.unix.openbsd,OpenBsdOperatingSystem.PsKeywords,111,0,0,0,3,0,1,0,1,0
oshi-dist/oshi-core,oshi.software.os.unix.openbsd,OpenBsdOSProcess.PsThreadColumns,63,0,0,0,2,0,1,0,1,0
oshi-dist/oshi-core,oshi.software.os.unix.openbsd,OpenBsdFileSystem,287,0,38,0,58,0,26,0,7,0
oshi-dist/oshi-core,oshi.software.os.unix.openbsd,OpenBsdInternetProtocolStats,9,0,0,0,3,0,3,0,3,0
oshi-dist/oshi-core,oshi.util,Util,10,61,1,13,3,10,1,11,0,5
oshi-dist/oshi-core,oshi.util,FileSystemUtil,0,110,1,19,0,20,1,13,0,4
oshi-dist/oshi-core,oshi.util,LsofUtil,4,117,4,13,2,19,4,8,0,3
oshi-dist/oshi-core,oshi.util,Memoizer.new Supplier() {...},2,71,1,9,0,14,1,6,0,2
oshi-dist/oshi-core,oshi.util,GlobalConfig,0,70,0,8,0,18,0,13,0,9
oshi-dist/oshi-core,oshi.util,Constants,6,5,0,0,2,1,1,1,1,1
oshi-dist/oshi-core,oshi.util,ParseUtil,32,2027,28,244,7,416,27,167,0,55
oshi-dist/oshi-core,oshi.util,Memoizer,0,29,0,0,0,6,0,5,0,5
oshi-dist/oshi-core,oshi.util,FileUtil,136,250,24,34,36,63,22,20,3,10
oshi-dist/oshi-core,oshi.util,EdidUtil,32,522,7,16,2,63,6,25,0,17
oshi-dist/oshi-core,oshi.util,FormatUtil,0,370,0,36,0,56,0,30,0,12
oshi-dist/oshi-core,oshi.util,GlobalConfig.PropertyException,15,17,0,0,2,2,1,1,1,1
oshi-dist/oshi-core,oshi.util,ExecutingCommand,41,107,4,10,15,29,4,11,0,8
oshi-dist/oshi-core,oshi.driver.windows.registry,ProcessWtsData,205,0,14,0,34,0,11,0,4,0
oshi-dist/oshi-core,oshi.driver.windows.registry,HkeyPerformanceDataUtil,456,0,32,0,90,0,21,0,5,0
oshi-dist/oshi-core,oshi.driver.windows.registry,ProcessWtsData.WtsInfo,45,0,0,0,16,0,8,0,8,0
oshi-dist/oshi-core,oshi.driver.windows.registry,ThreadPerformanceData.PerfCounterBlock,69,0,0,0,24,0,12,0,12,0
oshi-dist/oshi-core,oshi.driver.windows.registry,ProcessPerformanceData.PerfCounterBlock,58,0,0,0,20,0,10,0,10,0
oshi-dist/oshi-core,oshi.driver.windows.registry,ProcessPerformanceData,291,0,26,0,55,0,16,0,3,0
oshi-dist/oshi-core,oshi.driver.windows.registry,SessionWtsData,213,0,16,0,50,0,11,0,3,0
oshi-dist/oshi-core,oshi.driver.windows.registry,HkeyUserData,159,0,20,0,30,0,12,0,2,0
oshi-dist/oshi-core,oshi.driver.windows.registry,ThreadPerformanceData,351,0,22,0,65,0,13,0,2,0
oshi-dist/oshi-core,oshi.driver.windows.registry,NetSessionData,91,0,6,0,15,0,5,0,2,0
oshi-dist/oshi-core,oshi.driver.windows.wmi,Win32ComputerSystem.ComputerSystemProperty,15,0,0,0,2,0,1,0,1,0
oshi-dist/oshi-core,oshi.driver.windows.wmi,MSFTStorage.StoragePoolProperty,15,0,0,0,2,0,1,0,1,0
oshi-dist/oshi-core,oshi.driver.windows.wmi,Win32VideoController,12,0,0,0,2,0,1,0,1,0
oshi-dist/oshi-core,oshi.driver.windows.wmi,Win32Processor.VoltProperty,15,0,0,0,2,0,1,0,1,0
oshi-dist/oshi-core,oshi.driver.windows.wmi,Win32DiskPartition,11,0,0,0,2,0,1,0,1,0
oshi-dist/oshi-core,oshi.driver.windows.wmi,Win32ComputerSystem,12,0,0,0,2,0,1,0,1,0
oshi-dist/oshi-core,oshi.driver.windows.wmi,Win32BaseBoard,12,0,0,0,2,0,1,0,1,0
oshi-dist/oshi-core,oshi.driver.windows.wmi,Win32Fan,12,0,0,0,2,0,1,0,1,0
oshi-dist/oshi-core,oshi.driver.windows.wmi,Win32DiskDriveToDiskPartition,11,0,0,0,2,0,1,0,1,0
oshi-dist/oshi-core,oshi.driver.windows.wmi,Win32Processor.BitnessProperty,9,0,0,0,2,0,1,0,1,0
oshi-dist/oshi-core,oshi.driver.windows.wmi,Win32DiskDrive.DiskDriveProperty,39,0,0,0,2,0,1,0,1,0
oshi-dist/oshi-core,oshi.driver.windows.wmi,Win32OperatingSystem.OSVersionProperty,33,0,0,0,2,0,1,0,1,0
oshi-dist/oshi-core,oshi.driver.windows.wmi,OhmHardware,30,0,0,0,4,0,1,0,1,0
oshi-dist/oshi-core,oshi.driver.windows.wmi,MSFTStorage.PhysicalDiskProperty,21,0,0,0,2,0,1,0,1,0
oshi-dist/oshi-core,oshi.driver.windows.wmi,Win32Process.CommandLineProperty,15,0,0,0,2,0,1,0,1,0
oshi-dist/oshi-core,oshi.driver.windows.wmi,Win32DiskPartition.DiskPartitionProperty,45,0,0,0,2,0,1,0,1,0
oshi-dist/oshi-core,oshi.driver.windows.wmi,Win32ProcessCached,110,0,10,0,24,0,10,0,5,0
oshi-dist/oshi-core,oshi.driver.windows.wmi,OhmSensor,32,0,0,0,5,0,1,0,1,0
oshi-dist/oshi-core,oshi.driver.windows.wmi,Win32Process,68,0,4,0,12,0,4,0,2,0
oshi-dist/oshi-core,oshi.driver.windows.wmi,MSFTStorage,48,0,0,0,8,0,4,0,4,0
oshi-dist/oshi-core,oshi.driver.windows.wmi,Win32Bios.BiosProperty,33,0,0,0,2,0,1,0,1,0
oshi-dist/oshi-core,oshi.driver.windows.wmi,MSAcpiThermalZoneTemperature,13,0,0,0,2,0,1,0,1,0
oshi-dist/oshi-core,oshi.driver.windows.wmi,Win32BaseBoard.BaseBoardProperty,27,0,0,0,2,0,1,0,1,0
oshi-dist/oshi-core,oshi.driver.windows.wmi,Win32DiskDrive,11,0,0,0,2,0,1,0,1,0
oshi-dist/oshi-core,oshi.driver.windows.wmi,Win32Processor,36,0,0,0,6,0,3,0,3,0
oshi-dist/oshi-core,oshi.driver.windows.wmi,Win32VideoController.VideoControllerProperty,33,0,0,0,2,0,1,0,1,0
oshi-dist/oshi-core,oshi.driver.windows.wmi,OhmHardware.IdentifierProperty,9,0,0,0,2,0,1,0,1,0
oshi-dist/oshi-core,oshi.driver.windows.wmi,Win32LogicalDiskToPartition,11,0,0,0,2,0,1,0,1,0
oshi-dist/oshi-core,oshi.driver.windows.wmi,Win32Process.ProcessXPProperty,51,0,0,0,2,0,1,0,1,0
oshi-dist/oshi-core,oshi.driver.windows.wmi,Win32Fan.SpeedProperty,9,0,0,0,2,0,1,0,1,0
oshi-dist/oshi-core,oshi.driver.windows.wmi,Win32LogicalDisk,44,0,6,0,9,0,4,0,1,0
oshi-dist/oshi-core,oshi.driver.windows.wmi,Win32PhysicalMemory.PhysicalMemoryProperty,33,0,0,0,2,0,1,0,1,0
oshi-dist/oshi-core,oshi.driver.windows.wmi,Win32Processor.ProcessorIdProperty,9,0,0,0,2,0,1,0,1,0
oshi-dist/oshi-core,oshi.driver.windows.wmi,Win32OperatingSystem,12,0,0,0,2,0,1,0,1,0
oshi-dist/oshi-core,oshi.driver.windows.wmi,MSFTStorage.StoragePoolToPhysicalDiskProperty,15,0,0,0,2,0,1,0,1,0
oshi-dist/oshi-core,oshi.driver.windows.wmi,MSFTStorage.VirtualDiskProperty,15,0,0,0,2,0,1,0,1,0
oshi-dist/oshi-core,oshi.driver.windows.wmi,Win32DiskDriveToDiskPartition.DriveToPartitionProperty,15,0,0,0,2,0,1,0,1,0
oshi-dist/oshi-core,oshi.driver.windows.wmi,Win32LogicalDisk.LogicalDiskProperty,57,0,0,0,2,0,1,0,1,0
oshi-dist/oshi-core,oshi.driver.windows.wmi,Win32Bios.BiosSerialProperty,9,0,0,0,2,0,1,0,1,0
oshi-dist/oshi-core,oshi.driver.windows.wmi,MSAcpiThermalZoneTemperature.TemperatureProperty,9,0,0,0,2,0,1,0,1,0
oshi-dist/oshi-core,oshi.driver.windows.wmi,Win32ComputerSystemProduct.ComputerSystemProductProperty,15,0,0,0,2,0,1,0,1,0
oshi-dist/oshi-core,oshi.driver.windows.wmi,OhmSensor.ValueProperty,9,0,0,0,2,0,1,0,1,0
oshi-dist/oshi-core,oshi.driver.windows.wmi,Win32LogicalDiskToPartition.DiskToPartitionProperty,27,0,0,0,2,0,1,0,1,0
oshi-dist/oshi-core,oshi.driver.windows.wmi,Win32Bios,24,0,0,0,4,0,2,0,2,0
oshi-dist/oshi-core,oshi.driver.windows.wmi,Win32PhysicalMemory.PhysicalMemoryPropertyWin8,33,0,0,0,2,0,1,0,1,0
oshi-dist/oshi-core,oshi.driver.windows.wmi,Win32PhysicalMemory,24,0,0,0,4,0,2,0,2,0
oshi-dist/oshi-core,oshi.driver.windows.wmi,Win32ComputerSystemProduct,12,0,0,0,2,0,1,0,1,0
oshi-dist/oshi-core,oshi.jna.platform.windows,PowrProf.BATTERY_MANUFACTURE_DATE,3,0,0,0,1,0,1,0,1,0
oshi-dist/oshi-core,oshi.jna.platform.windows,PowrProf.BATTERY_STATUS,3,0,0,0,1,0,1,0,1,0
oshi-dist/oshi-core,oshi.jna.platform.windows,PowrProf,6,0,0,0,1,0,1,0,1,0
oshi-dist/oshi-core,oshi.jna.platform.windows,PowrProf.BATTERY_QUERY_INFORMATION_LEVEL,57,0,0,0,3,0,1,0,1,0
oshi-dist/oshi-core,oshi.jna.platform.windows,PowrProf.BATTERY_WAIT_STATUS,3,0,0,0,1,0,1,0,1,0
oshi-dist/oshi-core,oshi.jna.platform.windows,NtDll.PEB,11,0,0,0,3,0,1,0,1,0
oshi-dist/oshi-core,oshi.jna.platform.windows,PowrProf.ProcessorPowerInformation,9,0,0,0,5,0,2,0,2,0
oshi-dist/oshi-core,oshi.jna.platform.windows,NtDll.STRING,3,0,0,0,1,0,1,0,1,0
oshi-dist/oshi-core,oshi.jna.platform.windows,NtDll.CURDIR,3,0,0,0,1,0,1,0,1,0
oshi-dist/oshi-core,oshi.jna.platform.windows,PowrProf.BATTERY_INFORMATION,11,0,0,0,3,0,1,0,1,0
oshi-dist/oshi-core,oshi.jna.platform.windows,NtDll.PROCESS_BASIC_INFORMATION,7,0,0,0,2,0,1,0,1,0
oshi-dist/oshi-core,oshi.jna.platform.windows,NtDll.RTL_DRIVE_LETTER_CURDIR,3,0,0,0,1,0,1,0,1,0
oshi-dist/oshi-core,oshi.jna.platform.windows,PowrProf.SystemBatteryState,17,0,0,0,6,0,2,0,2,0
oshi-dist/oshi-core,oshi.jna.platform.windows,PowrProf.BATTERY_QUERY_INFORMATION,3,0,0,0,1,0,1,0,1,0
oshi-dist/oshi-core,oshi.jna.platform.windows,WinNT.TOKEN_ELEVATION,3,0,0,0,1,0,1,0,1,0
oshi-dist/oshi-core,oshi.jna.platform.windows,NtDll.RTL_USER_PROCESS_PARAMETERS,7,0,0,0,2,0,1,0,1,0
oshi-dist/oshi-core,oshi.jna.platform.windows,NtDll,7,0,0,0,1,0,1,0,1,0
oshi-dist/oshi-core,oshi.jna.platform.windows,NtDll.UNICODE_STRING,3,0,0,0,1,0,1,0,1,0
oshi-dist/oshi-core,oshi.software.os.unix.aix,AixInternetProtocolStats,138,0,8,0,10,0,7,0,3,0
oshi-dist/oshi-core,oshi.software.os.unix.aix,AixOSFileStore,118,0,6,0,31,0,13,0,10,0
oshi-dist/oshi-core,oshi.software.os.unix.aix,AixNetworkParams,60,0,8,0,14,0,10,0,6,0
oshi-dist/oshi-core,oshi.software.os.unix.aix,AixOSThread,125,0,8,0,30,0,15,0,11,0
oshi-dist/oshi-core,oshi.software.os.unix.aix,AixOperatingSystem,537,0,54,0,87,0,49,0,22,0
oshi-dist/oshi-core,oshi.software.os.unix.aix,AixOperatingSystem.PsKeywords,99,0,0,0,2,0,1,0,1,0
oshi-dist/oshi-core,oshi.software.os.unix.aix,AixOSProcess,621,0,45,0,132,0,59,0,34,0
oshi-dist/oshi-core,oshi.software.os.unix.aix,AixOSProcess.PsThreadColumns,81,0,0,0,2,0,1,0,1,0
oshi-dist/oshi-core,oshi.software.os.unix.aix,AixFileSystem,298,0,40,0,62,0,27,0,7,0
oshi-dist/oshi-core,oshi.hardware.platform.unix,UnixDisplay,12,0,0,0,3,0,2,0,2,0
oshi-dist/oshi-core,oshi.hardware.platform.unix,UnixBaseboard,27,0,0,0,10,0,5,0,5,0
oshi-dist/oshi-core,oshi.hardware.platform.unix,BsdNetworkIF,155,0,4,0,36,0,16,0,14,0
oshi-dist/oshi-core,oshi.hardware.platform.windows,WindowsFirmware,116,0,12,0,24,0,13,0,7,0
oshi-dist/oshi-core,oshi.hardware.platform.windows,WindowsCentralProcessor,730,0,70,0,136,0,48,0,13,0
oshi-dist/oshi-core,oshi.hardware.platform.windows,WindowsBaseboard,96,0,10,0,19,0,11,0,6,0
oshi-dist/oshi-core,oshi.hardware.platform.windows,WindowsUsbDevice,268,0,26,0,59,0,20,0,7,0
oshi-dist/oshi-core,oshi.hardware.platform.windows,WindowsGlobalMemory,324,0,61,0,96,0,66,0,11,0
oshi-dist/oshi-core,oshi.hardware.platform.windows,WindowsHWDiskStore.PartitionMaps,18,0,0,0,4,0,1,0,1,0
oshi-dist/oshi-core,oshi.hardware.platform.windows,WindowsHardwareAbstractionLayer,37,0,0,0,13,0,13,0,13,0
oshi-dist/oshi-core,oshi.hardware.platform.windows,WindowsComputerSystem,134,0,16,0,34,0,18,0,10,0
oshi-dist/oshi-core,oshi.hardware.platform.windows,WindowsDisplay,119,0,8,0,26,0,7,0,3,0
oshi-dist/oshi-core,oshi.hardware.platform.windows,WindowsHWDiskStore.DiskStats,33,0,0,0,7,0,1,0,1,0
oshi-dist/oshi-core,oshi.hardware.platform.windows,WindowsVirtualMemory,159,0,2,0,25,0,12,0,11,0
oshi-dist/oshi-core,oshi.hardware.platform.windows,WindowsNetworkIF,267,0,10,0,70,0,24,0,19,0
oshi-dist/oshi-core,oshi.hardware.platform.windows,WindowsGraphicsCard,124,0,16,0,24,0,11,0,3,0
oshi-dist/oshi-core,oshi.hardware.platform.windows,WindowsSoundCard,96,0,6,0,18,0,5,0,2,0
oshi-dist/oshi-core,oshi.hardware.platform.windows,WindowsHWDiskStore,827,0,66,0,148,0,49,0,16,0
oshi-dist/oshi-core,oshi.hardware.platform.windows,WindowsLogicalVolumeGroup,367,0,34,0,77,0,20,0,3,0
oshi-dist/oshi-core,oshi.hardware.platform.windows,WindowsSensors,405,0,64,0,113,0,43,0,11,0
oshi-dist/oshi-core,oshi.hardware.platform.windows,WindowsPowerSource,700,0,84,0,155,0,47,0,5,0
oshi-dist/oshi-core,oshi.driver.linux,Lshw,109,0,16,0,24,0,12,0,4,0
oshi-dist/oshi-core,oshi.driver.linux,Devicetree,13,0,2,0,4,0,2,0,1,0
oshi-dist/oshi-core,oshi.driver.linux,Lshal,46,0,8,0,12,0,6,0,2,0
oshi-dist/oshi-core,oshi.driver.linux,Dmidecode,119,0,16,0,26,0,11,0,3,0
oshi-dist/oshi-core,oshi.driver.linux,Who,83,0,14,0,15,0,9,0,2,0
oshi-dist/oshi-core,oshi.driver.linux,Sysfs,189,0,36,0,54,0,30,0,12,0
oshi-dist/oshi-core,oshi.driver.mac.net,NetStat.IFdata,87,0,0,0,24,0,12,0,12,0
oshi-dist/oshi-core,oshi.driver.mac.net,NetStat,175,0,14,0,28,0,9,0,2,0
oshi-dist/oshi-core,oshi.util.platform.unix.openbsd,OpenBsdSysctlUtil,260,0,18,0,43,0,18,0,9,0
oshi-dist/oshi-core,oshi.util.platform.unix.openbsd,FstatUtil,73,0,10,0,12,0,7,0,2,0
oshi-dist/oshi-core,oshi.util.tuples,Quartet,0,27,0,0,0,10,0,5,0,5
oshi-dist/oshi-core,oshi.util.tuples,Pair,0,15,0,0,0,6,0,3,0,3
oshi-dist/oshi-core,oshi.util.tuples,Quintet,0,33,0,0,0,12,0,6,0,6
oshi-dist/oshi-core,oshi.util.tuples,Triplet,0,21,0,0,0,8,0,4,0,4
oshi-dist/oshi-core,oshi.driver.unix.solaris.kstat,SystemPages,32,0,4,0,8,0,3,0,1,0
oshi-dist/oshi-core,oshi,PlatformEnum,9,112,2,2,3,19,4,3,2,3
oshi-dist/oshi-core,oshi,SystemInfo,74,45,14,2,14,12,14,7,0,7
oshi-dist/oshi-core,oshi.jna.platform.linux,LinuxLibc.Ut_Tv,3,0,0,0,1,0,1,0,1,0
oshi-dist/oshi-core,oshi.jna.platform.linux,LinuxLibc.Exit_status,3,0,0,0,1,0,1,0,1,0
oshi-dist/oshi-core,oshi.jna.platform.linux,LinuxLibc.LinuxUtmpx,27,0,0,0,7,0,1,0,1,0
oshi-dist/oshi-core,oshi.jna.platform.linux,LinuxLibc,6,0,0,0,1,0,1,0,1,0
oshi-dist/oshi-core,oshi.software.os.linux,LinuxOSProcess.ProcPidStat,84,0,0,0,7,0,3,0,3,0
oshi-dist/oshi-core,oshi.software.os.linux,LinuxOSProcess,674,0,32,0,126,0,54,0,38,0
oshi-dist/oshi-core,oshi.software.os.linux,LinuxInternetProtocolStats,324,0,30,0,57,0,29,0,9,0
oshi-dist/oshi-core,oshi.software.os.linux,LinuxFileSystem,495,0,58,0,113,0,38,0,9,0
oshi-dist/oshi-core,oshi.software.os.linux,LinuxOSThread,256,0,6,0,48,0,18,0,15,0
oshi-dist/oshi-core,oshi.software.os.linux,LinuxOSThread.ThreadPidStat,91,0,0,0,7,0,3,0,3,0
oshi-dist/oshi-core,oshi.software.os.linux,LinuxOperatingSystem,1203,0,186,0,239,0,126,0,33,0
oshi-dist/oshi-core,oshi.software.os.linux,LinuxNetworkParams,222,0,34,0,53,0,23,0,6,0
oshi-dist/oshi-core,oshi.software.os.linux,LinuxOSFileStore,119,0,6,0,31,0,13,0,10,0
oshi-dist/oshi-core,oshi.util.platform.linux,ProcPath,258,0,2,0,31,0,3,0,2,0
oshi-dist/oshi-core,oshi.util.platform.mac,CFUtil,25,0,6,0,8,0,5,0,2,0
oshi-dist/oshi-core,oshi.util.platform.mac,SysctlUtil,193,0,14,0,36,0,13,0,6,0
oshi-dist/oshi-core,oshi.util.platform.mac,SmcUtil,323,0,32,0,66,0,24,0,8,0
oshi-dist/oshi-core,oshi.jna.platform.unix,CLibrary.Addrinfo.ByReference,3,0,0,0,1,0,1,0,1,0
oshi-dist/oshi-core,oshi.jna.platform.unix,SolarisLibc.SolarisUtmpx,19,0,0,0,5,0,1,0,1,0
oshi-dist/oshi-core,oshi.jna.platform.unix,FreeBsdLibc.CpTime,7,0,0,0,2,0,1,0,1,0
oshi-dist/oshi-core,oshi.jna.platform.unix,SolarisLibc.Timeval,3,0,0,0,1,0,1,0,1,0
oshi-dist/oshi-core,oshi.jna.platform.unix,AixLibc,6,0,0,0,1,0,1,0,1,0
oshi-dist/oshi-core,oshi.jna.platform.unix,OpenBsdLibc,12,0,0,0,3,0,1,0,1,0
oshi-dist/oshi-core,oshi.jna.platform.unix,CLibrary.BsdTcpstat,3,0,0,0,1,0,1,0,1,0
oshi-dist/oshi-core,oshi.jna.platform.unix,CLibrary.Sockaddr.ByReference,3,0,0,0,1,0,1,0,1,0
oshi-dist/oshi-core,oshi.jna.platform.unix,CLibrary.Addrinfo,9,0,0,0,5,0,2,0,2,0
oshi-dist/oshi-core,oshi.jna.platform.unix,FreeBsdLibc.FreeBsdUtmpx,23,0,0,0,6,0,1,0,1,0
oshi-dist/oshi-core,oshi.jna.platform.unix,SolarisLibc,6,0,0,0,1,0,1,0,1,0
oshi-dist/oshi-core,oshi.jna.platform.unix,SolarisLibc.Exit_status,3,0,0,0,1,0,1,0,1,0
oshi-dist/oshi-core,oshi.jna.platform.unix,CLibrary.BsdIpstat,3,0,0,0,1,0,1,0,1,0
oshi-dist/oshi-core,oshi.jna.platform.unix,CLibrary.BsdUdpstat,3,0,0,0,1,0,1,0,1,0
oshi-dist/oshi-core,oshi.jna.platform.unix,CLibrary.BsdIp6stat,3,0,0,0,1,0,1,0,1,0
oshi-dist/oshi-core,oshi.jna.platform.unix,FreeBsdLibc,12,0,0,0,3,0,1,0,1,0
oshi-dist/oshi-core,oshi.jna.platform.unix,OpenBsdLibc.Bcachestats,6,0,0,0,3,0,1,0,1,0
oshi-dist/oshi-core,oshi.jna.platform.unix,CLibrary.Sockaddr,7,0,0,0,2,0,1,0,1,0
oshi-dist/oshi-core,oshi.jna.platform.unix,OpenBsdLibc.Timeval,3,0,0,0,1,0,1,0,1,0
oshi-dist/oshi-core,oshi.jna.platform.unix,FreeBsdLibc.Timeval,3,0,0,0,1,0,1,0,1,0
oshi-dist/oshi-core,oshi.hardware.platform.unix.aix,AixBaseboard,55,0,6,0,10,0,8,0,5,0
oshi-dist/oshi-core,oshi.hardware.platform.unix.aix,AixVirtualMemory,55,0,0,0,10,0,7,0,7,0
oshi-dist/oshi-core,oshi.hardware.platform.unix.aix,AixGraphicsCard,116,0,24,0,25,0,14,0,2,0
oshi-dist/oshi-core,oshi.hardware.platform.unix.aix,AixComputerSystem,244,0,22,0,51,0,19,0,8,0
oshi-dist/oshi-core,oshi.hardware.platform.unix.aix,AixGlobalMemory,171,0,18,0,39,0,17,0,8,0
oshi-dist/oshi-core,oshi.hardware.platform.unix.aix,AixSensors,34,0,4,0,11,0,6,0,4,0
oshi-dist/oshi-core,oshi.hardware.platform.unix.aix,AixCentralProcessor,572,0,46,0,99,0,35,0,12,0
oshi-dist/oshi-core,oshi.hardware.platform.unix.aix,AixFirmware,21,0,0,0,8,0,4,0,4,0
oshi-dist/oshi-core,oshi.hardware.platform.unix.aix,AixNetworkIF,156,0,6,0,42,0,17,0,14,0
oshi-dist/oshi-core,oshi.hardware.platform.unix.aix,AixSoundCard,52,0,6,0,11,0,5,0,2,0
oshi-dist/oshi-core,oshi.hardware.platform.unix.aix,AixUsbDevice,81,0,8,0,14,0,6,0,2,0
oshi-dist/oshi-core,oshi.hardware.platform.unix.aix,AixComputerSystem.LsattrStrings,59,0,14,0,9,0,8,0,1,0
oshi-dist/oshi-core,oshi.hardware.platform.unix.aix,AixPowerSource,26,0,0,0,3,0,2,0,2,0
oshi-dist/oshi-core,oshi.hardware.platform.unix.aix,AixHWDiskStore,259,0,16,0,50,0,21,0,13,0
oshi-dist/oshi-core,oshi.hardware.platform.unix.aix,AixHardwareAbstractionLayer,59,0,0,0,14,0,12,0,12,0
oshi-dist/oshi-core,oshi.driver.mac,ThreadInfo.ThreadStats,71,0,6,0,25,0,12,0,7,0
oshi-dist/oshi-core,oshi.driver.mac,Who,84,0,14,0,15,0,9,0,2,0
oshi-dist/oshi-core,oshi.driver.mac,ThreadInfo,105,0,6,0,17,0,6,0,3,0
oshi-dist/oshi-core,oshi.driver.mac,WindowInfo,205,0,14,0,47,0,8,0,1,0
oshi-dist/oshi-core,oshi.hardware.platform.unix.freebsd,FreeBsdUsbDevice,400,0,40,0,76,0,26,0,6,0
oshi-dist/oshi-core,oshi.hardware.platform.unix.freebsd,FreeBsdSoundCard,137,0,18,0,26,0,11,0,2,0
oshi-dist/oshi-core,oshi.hardware.platform.unix.freebsd,FreeBsdHWDiskStore,314,0,14,0,60,0,18,0,11,0
oshi-dist/oshi-core,oshi.hardware.platform.unix.freebsd,FreeBsdPowerSource,297,0,32,0,69,0,19,0,3,0
oshi-dist/oshi-core,oshi.hardware.platform.unix.freebsd,FreeBsdGraphicsCard,262,0,48,0,46,0,26,0,2,0
oshi-dist/oshi-core,oshi.hardware.platform.unix.freebsd,FreeBsdCentralProcessor,765,0,72,0,147,0,52,0,15,0
oshi-dist/oshi-core,oshi.hardware.platform.unix.freebsd,FreeBsdHardwareAbstractionLayer,35,0,0,0,12,0,12,0,12,0
oshi-dist/oshi-core,oshi.hardware.platform.unix.freebsd,FreeBsdSensors,70,0,4,0,13,0,7,0,5,0
oshi-dist/oshi-core,oshi.hardware.platform.unix.freebsd,FreeBsdFirmware,112,0,14,0,23,0,12,0,5,0
oshi-dist/oshi-core,oshi.hardware.platform.unix.freebsd,FreeBsdVirtualMemory,102,0,2,0,21,0,12,0,11,0
oshi-dist/oshi-core,oshi.hardware.platform.unix.freebsd,FreeBsdComputerSystem,227,0,30,0,45,0,24,0,9,0
oshi-dist/oshi-core,oshi.hardware.platform.unix.freebsd,FreeBsdGlobalMemory,75,0,0,0,15,0,9,0,9,0
oshi-dist/oshi-core,oshi.hardware.platform.linux,LinuxSensors,389,0,54,0,82,0,39,0,12,0
oshi-dist/oshi-core,oshi.hardware.platform.linux,LinuxFirmware,235,0,22,0,49,0,24,0,13,0
oshi-dist/oshi-core,oshi.hardware.platform.linux,LinuxComputerSystem,123,0,26,0,30,0,24,0,11,0
oshi-dist/oshi-core,oshi.hardware.platform.linux,LinuxHardwareAbstractionLayer,37,0,0,0,13,0,13,0,13,0
oshi-dist/oshi-core,oshi.hardware.platform.linux,LinuxGlobalMemory,147,0,11,0,34,0,16,0,8,0
oshi-dist/oshi-core,oshi.hardware.platform.linux,LinuxGraphicsCard,380,0,58,0,82,0,34,0,5,0
oshi-dist/oshi-core,oshi.hardware.platform.linux,LinuxFirmware.VcGenCmdStrings,18,0,0,0,7,0,1,0,1,0
oshi-dist/oshi-core,oshi.hardware.platform.linux,LinuxUsbDevice,340,0,28,0,72,0,20,0,6,0
oshi-dist/oshi-core,oshi.hardware.platform.linux,LinuxSoundCard,238,0,32,0,42,0,23,0,7,0
oshi-dist/oshi-core,oshi.hardware.platform.linux,LinuxHWDiskStore.UdevStat,56,0,0,0,6,0,3,0,3,0
oshi-dist/oshi-core,oshi.hardware.platform.linux,LinuxPowerSource,353,0,40,0,66,0,22,0,2,0
oshi-dist/oshi-core,oshi.hardware.platform.linux,LinuxCentralProcessor,947,0,132,0,188,0,83,0,13,0
oshi-dist/oshi-core,oshi.hardware.platform.linux,LinuxHWDiskStore,582,0,64,0,125,0,50,0,18,0
oshi-dist/oshi-core,oshi.hardware.platform.linux,LinuxVirtualMemory,215,0,21,0,47,0,22,0,10,0
oshi-dist/oshi-core,oshi.hardware.platform.linux,LinuxLogicalVolumeGroup,246,0,26,0,42,0,20,0,7,0
oshi-dist/oshi-core,oshi.hardware.platform.linux,LinuxBaseboard,123,0,16,0,30,0,17,0,9,0
oshi-dist/oshi-core,oshi.hardware.platform.linux,LinuxNetworkIF,391,0,23,0,83,0,34,0,20,0
oshi-dist/oshi-core,oshi.hardware.platform.unix.solaris,SolarisGraphicsCard,238,0,42,0,45,0,23,0,2,0
oshi-dist/oshi-core,oshi.hardware.platform.unix.solaris,SolarisCentralProcessor,554,0,66,0,115,0,45,0,12,0
oshi-dist/oshi-core,oshi.hardware.platform.unix.solaris,SolarisComputerSystem,342,0,46,0,76,0,34,0,10,0
oshi-dist/oshi-core,oshi.hardware.platform.unix.solaris,SolarisComputerSystem.SmbiosStrings,91,0,22,0,13,0,12,0,1,0
oshi-dist/oshi-core,oshi.hardware.platform.unix.solaris,SolarisFirmware,21,0,0,0,8,0,4,0,4,0
oshi-dist/oshi-core,oshi.hardware.platform.unix.solaris,SolarisHardwareAbstractionLayer,35,0,0,0,12,0,12,0,12,0
oshi-dist/oshi-core,oshi.hardware.platform.unix.solaris,SolarisPowerSource,291,0,34,0,66,0,21,0,4,0
oshi-dist/oshi-core,oshi.hardware.platform.unix.solaris,SolarisNetworkIF,155,0,10,0,40,0,19,0,14,0
oshi-dist/oshi-core,oshi.hardware.platform.unix.solaris,SolarisSoundCard,142,0,18,0,25,0,11,0,2,0
oshi-dist/oshi-core,oshi.hardware.platform.unix.solaris,SolarisHWDiskStore,228,0,10,0,49,0,17,0,12,0
oshi-dist/oshi-core,oshi.hardware.platform.unix.solaris,SolarisGlobalMemory,60,0,0,0,11,0,7,0,7,0
oshi-dist/oshi-core,oshi.hardware.platform.unix.solaris,SolarisUsbDevice,380,0,38,0,72,0,25,0,6,0
oshi-dist/oshi-core,oshi.hardware.platform.unix.solaris,SolarisSensors,124,0,18,0,27,0,13,0,4,0
oshi-dist/oshi-core,oshi.hardware.platform.unix.solaris,SolarisVirtualMemory,181,0,6,0,34,0,14,0,11,0
oshi-dist/oshi-core,oshi.software.os.unix.solaris,SolarisOperatingSystem.PrstatKeywords,93,0,0,0,2,0,1,0,1,0
oshi-dist/oshi-core,oshi.software.os.unix.solaris,SolarisInternetProtocolStats,332,0,36,0,76,0,30,0,6,0
oshi-dist/oshi-core,oshi.software.os.unix.solaris,SolarisOSProcess,684,0,52,0,144,0,63,0,35,0
oshi-dist/oshi-core,oshi.software.os.unix.solaris,SolarisNetworkParams,30,0,2,0,8,0,6,0,5,0
oshi-dist/oshi-core,oshi.software.os.unix.solaris,SolarisOSProcess.PsThreadColumns,39,0,0,0,2,0,1,0,1,0
oshi-dist/oshi-core,oshi.software.os.unix.solaris,SolarisOSThread,237,0,14,0,49,0,19,0,12,0
oshi-dist/oshi-core,oshi.software.os.unix.solaris,SolarisOSFileStore,118,0,6,0,31,0,13,0,10,0
oshi-dist/oshi-core,oshi.software.os.unix.solaris,SolarisFileSystem,344,0,60,0,75,0,37,0,7,0
oshi-dist/oshi-core,oshi.software.os.unix.solaris,SolarisOperatingSystem.PsKeywords,93,0,0,0,2,0,1,0,1,0
oshi-dist/oshi-core,oshi.software.os.unix.solaris,SolarisOperatingSystem,507,0,60,0,99,0,55,0,25,0
oshi-dist/oshi-core,oshi.driver.mac.disk,Fsstat,67,0,2,0,11,0,4,0,3,0
oshi-dist/oshi-core,oshi.jna.platform.mac,CoreGraphics,6,0,0,0,1,0,1,0,1,0
oshi-dist/oshi-core,oshi.jna.platform.mac,SystemB.InSockInfo,15,0,0,0,4,0,1,0,1,0
oshi-dist/oshi-core,oshi.jna.platform.mac,IOKit.SMCKeyDataKeyInfo,3,0,0,0,1,0,1,0,1,0
oshi-dist/oshi-core,oshi.jna.platform.mac,IOKit.SMCKeyDataVers,3,0,0,0,1,0,1,0,1,0
oshi-dist/oshi-core,oshi.jna.platform.mac,SystemB.SocketFdInfo,3,0,0,0,1,0,1,0,1,0
oshi-dist/oshi-core,oshi.jna.platform.mac,SystemB.ProcFdInfo,3,0,0,0,1,0,1,0,1,0
oshi-dist/oshi-core,oshi.jna.platform.mac,IOKit.SMCVal,15,0,0,0,4,0,1,0,1,0
oshi-dist/oshi-core,oshi.jna.platform.mac,CoreGraphics.CGRect,3,0,0,0,1,0,1,0,1,0
oshi-dist/oshi-core,oshi.jna.platform.mac,SystemB.MacUtmpx,23,0,0,0,6,0,1,0,1,0
oshi-dist/oshi-core,oshi.jna.platform.mac,SystemB.ProcFileInfo,3,0,0,0,1,0,1,0,1,0
oshi-dist/oshi-core,oshi.jna.platform.mac,IOKit.SMCKeyData,7,0,0,0,2,0,1,0,1,0
oshi-dist/oshi-core,oshi.jna.platform.mac,CoreGraphics.CGPoint,3,0,0,0,1,0,1,0,1,0
oshi-dist/oshi-core,oshi.jna.platform.mac,SystemB.SocketInfo,15,0,0,0,4,0,1,0,1,0
oshi-dist/oshi-core,oshi.jna.platform.mac,IOKit,6,0,0,0,1,0,1,0,1,0
oshi-dist/oshi-core,oshi.jna.platform.mac,SystemB,6,0,0,0,1,0,1,0,1,0
oshi-dist/oshi-core,oshi.jna.platform.mac,SystemB.TcpSockInfo,7,0,0,0,2,0,1,0,1,0
oshi-dist/oshi-core,oshi.jna.platform.mac,SystemConfiguration.SCNetworkInterfaceRef,7,0,0,0,4,0,2,0,2,0
oshi-dist/oshi-core,oshi.jna.platform.mac,SystemB.Pri,7,0,0,0,2,0,1,0,1,0
oshi-dist/oshi-core,oshi.jna.platform.mac,SystemConfiguration,6,0,0,0,1,0,1,0,1,0
oshi-dist/oshi-core,oshi.jna.platform.mac,CoreGraphics.CGSize,3,0,0,0,1,0,1,0,1,0
oshi-dist/oshi-core,oshi.jna.platform.mac,IOKit.SMCKeyDataPLimitData,3,0,0,0,1,0,1,0,1,0
oshi-dist/oshi-core,oshi.driver.unix.openbsd.disk,Disklabel,322,0,28,0,50,0,17,0,3,0
oshi-dist/oshi-core,oshi.software.common,AbstractOSProcess,106,0,8,0,17,0,10,0,6,0
oshi-dist/oshi-core,oshi.software.common,AbstractOperatingSystem,359,0,50,0,51,0,44,0,19,0
oshi-dist/oshi-core,oshi.software.common,AbstractInternetProtocolStats,27,0,0,0,5,0,4,0,4,0
oshi-dist/oshi-core,oshi.software.common,AbstractOSFileStore,119,0,0,0,21,0,9,0,9,0
oshi-dist/oshi-core,oshi.software.common,AbstractNetworkParams,184,0,20,0,38,0,17,0,7,0
oshi-dist/oshi-core,oshi.software.common,AbstractFileSystem,22,0,0,0,6,0,3,0,3,0
oshi-dist/oshi-core,oshi.software.common,AbstractOSThread,156,0,10,0,17,0,11,0,6,0
oshi-dist/oshi-core,oshi.hardware,NetworkIF,4,6,0,0,2,3,2,3,2,3
oshi-dist/oshi-core,oshi.hardware,PhysicalMemory,0,102,0,0,0,19,0,7,0,7
oshi-dist/oshi-core,oshi.hardware,CentralProcessor.TickType,0,70,0,0,0,13,0,3,0,3
oshi-dist/oshi-core,oshi.hardware,HardwareAbstractionLayer,2,0,0,0,1,0,1,0,1,0
oshi-dist/oshi-core,oshi.hardware,HWPartition,0,121,0,2,0,26,0,11,0,10
oshi-dist/oshi-core,oshi.hardware,CentralProcessor.LogicalProcessor,40,41,0,0,3,14,2,7,2,7
oshi-dist/oshi-core,oshi.hardware,NetworkIF.IfOperStatus,21,60,2,0,3,11,4,2,3,2
oshi-dist/oshi-core,oshi.hardware,CentralProcessor.ProcessorIdentifier,72,189,16,12,17,47,16,12,2,12
oshi-dist/oshi-core,oshi.hardware,PowerSource.CapacityUnits,0,21,0,0,0,4,0,1,0,1
oshi-dist/oshi-demo,oshi.demo,ComputerID,126,0,0,0,21,0,3,0,3,0
oshi-dist/oshi-demo,oshi.demo,DetectVM,232,0,18,0,39,0,13,0,4,0
oshi-dist/oshi-demo,oshi.demo,OshiHTTPServer,239,0,8,0,59,0,8,0,4,0
oshi-dist/oshi-demo,oshi.demo,OshiGui,220,0,4,0,43,0,10,0,8,0
oshi-dist/oshi-demo,oshi.demo,UserComInit,63,0,4,0,24,0,7,0,5,0
oshi-dist/oshi-demo,oshi.demo,Json,51,0,0,0,14,0,2,0,2,0
oshi-dist/oshi-demo,oshi.demo,DiskStoreForPath,220,0,22,0,39,0,15,0,4,0
oshi-dist/oshi-demo,oshi.demo,WmiNoComInitQueryHandler,5,0,0,0,2,0,2,0,2,0
oshi-dist/oshi-demo,oshi.driver.windows,EnumWindows,122,0,14,0,25,0,11,0,4,0
oshi-dist/oshi-demo,oshi.driver.windows,DeviceTree,259,0,18,0,48,0,13,0,4,0
oshi-dist/oshi-demo,oshi.driver.windows,LogicalProcessorInformation,382,0,42,0,64,0,30,0,8,0
oshi-dist/oshi-demo,oshi.util.platform.windows,PerfCounterQuery,290,0,27,0,59,0,21,0,6,0
oshi-dist/oshi-demo,oshi.util.platform.windows,PerfDataUtil.PerfCounter,54,0,2,0,14,0,6,0,5,0
oshi-dist/oshi-demo,oshi.util.platform.windows,PerfCounterQueryHandler,178,0,24,0,49,0,20,0,8,0
oshi-dist/oshi-demo,oshi.util.platform.windows,PerfDataUtil,207,0,32,0,43,0,24,0,8,0
oshi-dist/oshi-demo,oshi.util.platform.windows,WmiQueryHandler,294,0,37,0,78,0,35,0,15,0
oshi-dist/oshi-demo,oshi.util.platform.windows,WmiUtil,556,0,38,0,67,0,32,0,13,0
oshi-dist/oshi-demo,oshi.util.platform.windows,PerfCounterWildcardQuery,357,0,35,0,68,0,24,0,5,0
oshi-dist/oshi-demo,oshi.driver.unix.solaris,PsInfo,603,0,60,0,103,0,37,0,7,0
oshi-dist/oshi-demo,oshi.driver.unix.solaris,PsInfo.LwpsInfoT,186,0,0,0,29,0,3,0,3,0
oshi-dist/oshi-demo,oshi.driver.unix.solaris,Who,88,0,16,0,17,0,10,0,2,0
oshi-dist/oshi-demo,oshi.driver.unix.solaris,PsInfo.PsInfoT,287,0,0,0,42,0,3,0,3,0
oshi-dist/oshi-demo,oshi.software.os,OSService,0,21,0,0,0,8,0,4,0,4
oshi-dist/oshi-demo,oshi.software.os,OSService.State,0,21,0,0,0,2,0,1,0,1
oshi-dist/oshi-demo,oshi.software.os,OSThread,12,0,0,0,6,0,6,0,6,0
oshi-dist/oshi-demo,oshi.software.os,OSSession,24,73,6,2,1,16,4,7,0,7
oshi-dist/oshi-demo,oshi.software.os,InternetProtocolStats.IPConnection,5,134,0,0,3,26,1,10,1,10
oshi-dist/oshi-demo,oshi.software.os,InternetProtocolStats.TcpStats,0,120,0,0,0,23,0,12,0,12
oshi-dist/oshi-demo,oshi.software.os,OSDesktopWindow,49,39,0,0,4,14,3,6,3,6
oshi-dist/oshi-demo,oshi.software.os,InternetProtocolStats.TcpState,0,81,0,0,0,3,0,1,0,1
oshi-dist/oshi-demo,oshi.software.os,OSProcess.State,0,57,0,0,0,10,0,1,0,1
oshi-dist/oshi-demo,oshi.software.os,OperatingSystem.OSVersionInfo,9,66,6,4,1,16,5,5,0,5
oshi-dist/oshi-demo,oshi.software.os,InternetProtocolStats.UdpStats,0,54,0,0,0,11,0,6,0,6
oshi-dist/oshi-demo,oshi.software.os,OperatingSystem.ProcessSorting,0,29,0,0,0,11,0,2,0,2
oshi-dist/oshi-demo,oshi.software.os,OSProcess,6,0,0,0,3,0,3,0,3,0
oshi-dist/oshi-demo,oshi.software.os,OperatingSystem,17,21,1,1,4,3,5,2,4,2
oshi-dist/oshi-demo,oshi.software.os,OperatingSystem.ProcessFiltering,26,21,7,1,0,5,7,3,3,3
oshi-dist/oshi-demo,oshi.hardware.common,AbstractVirtualMemory,50,0,0,0,11,0,2,0,2,0
oshi-dist/oshi-demo,oshi.hardware.common,AbstractUsbDevice,149,0,8,0,29,0,15,0,11,0
oshi-dist/oshi-demo,oshi.hardware.common,AbstractLogicalVolumeGroup,100,0,6,0,21,0,8,0,5,0
oshi-dist/oshi-demo,oshi.hardware.common,AbstractGraphicsCard,99,0,0,0,27,0,7,0,7,0
oshi-dist/oshi-demo,oshi.hardware.common,AbstractHWDiskStore,152,0,16,0,22,0,14,0,6,0
oshi-dist/oshi-demo,oshi.hardware.common,AbstractSoundCard,69,0,0,0,19,0,5,0,5,0
oshi-dist/oshi-demo,oshi.hardware.common,AbstractNetworkIF,551,0,32,0,92,0,36,0,20,0
oshi-dist/oshi-demo,oshi.hardware.common,AbstractPowerSource,537,0,21,0,117,0,39,0,26,0
oshi-dist/oshi-demo,oshi.hardware.common,AbstractFirmware,64,0,2,0,11,0,6,0,5,0
oshi-dist/oshi-demo,oshi.hardware.common,AbstractComputerSystem,64,0,0,0,11,0,4,0,4,0
oshi-dist/oshi-demo,oshi.hardware.common,AbstractDisplay,20,0,0,0,5,0,3,0,3,0
oshi-dist/oshi-demo,oshi.hardware.common,AbstractGlobalMemory,190,0,21,0,45,0,16,0,3,0
oshi-dist/oshi-demo,oshi.hardware.common,AbstractBaseboard,44,0,0,0,7,0,2,0,2,0
oshi-dist/oshi-demo,oshi.hardware.common,AbstractCentralProcessor,720,0,57,0,143,0,60,0,17,0
oshi-dist/oshi-demo,oshi.hardware.common,AbstractSensors,71,0,0,0,12,0,5,0,5,0
oshi-dist/oshi-demo,oshi.hardware.common,AbstractHardwareAbstractionLayer,47,0,0,0,10,0,6,0,6,0
oshi-dist/oshi-demo,oshi.software.os.windows,WindowsOperatingSystem,866,0,105,0,212,0,91,0,38,0
oshi-dist/oshi-demo,oshi.software.os.windows,WindowsFileSystem,608,0,48,0,111,0,35,0,9,0
oshi-dist/oshi-demo,oshi.software.os.windows,WindowsOSSystemInfo,65,0,4,0,21,0,7,0,5,0
oshi-dist/oshi-demo,oshi.software.os.windows,WindowsOSThread,170,0,16,0,48,0,23,0,13,0
oshi-dist/oshi-demo,oshi.software.os.windows,WindowsNetworkParams,197,0,22,0,47,0,20,0,9,0
oshi-dist/oshi-demo,oshi.software.os.windows,WindowsOSProcess,929,0,90,0,219,0,85,0,40,0
oshi-dist/oshi-demo,oshi.software.os.windows,WindowsOSFileStore,140,0,10,0,35,0,15,0,10,0
oshi-dist/oshi-demo,oshi.software.os.windows,WindowsInternetProtocolStats,523,0,30,0,88,0,32,0,12,0
oshi-dist/oshi-demo,oshi.util.platform.unix.solaris,KstatUtil,181,0,26,0,38,0,21,0,4,0
oshi-dist/oshi-demo,oshi.util.platform.unix.solaris,KstatUtil.KstatChain,122,0,22,0,24,0,17,0,6,0
oshi-dist/oshi-demo,oshi.software.os.mac,MacNetworkParams,143,0,18,0,37,0,15,0,6,0
oshi-dist/oshi-demo,oshi.software.os.mac,MacOperatingSystem,556,0,62,0,102,0,56,0,25,0
oshi-dist/oshi-demo,oshi.software.os.mac,MacOSFileStore,118,0,6,0,31,0,13,0,10,0
oshi-dist/oshi-demo,oshi.software.os.mac,MacOSProcess,633,0,51,0,141,0,62,0,34,0
oshi-dist/oshi-demo,oshi.software.os.mac,MacOSThread,46,0,0,0,16,0,8,0,8,0
oshi-dist/oshi-demo,oshi.software.os.mac,MacInternetProtocolStats,762,0,58,0,145,0,47,0,13,0
oshi-dist/oshi-demo,oshi.software.os.mac,MacFileSystem,470,0,56,0,102,0,36,0,8,0
oshi-dist/oshi-demo,oshi.driver.windows.perfmon,MemoryInformation.PageSwapProperty,36,0,0,0,9,0,4,0,4,0
oshi-dist/oshi-demo,oshi.driver.windows.perfmon,ProcessInformation,10,0,0,0,2,0,2,0,2,0
oshi-dist/oshi-demo,oshi.driver.windows.perfmon,ProcessorInformation.InterruptsProperty,28,0,0,0,8,0,4,0,4,0
oshi-dist/oshi-demo,oshi.driver.windows.perfmon,PagingFile.PagingPercentProperty,28,0,0,0,8,0,4,0,4,0
oshi-dist/oshi-demo,oshi.driver.windows.perfmon,ProcessorInformation.ProcessorFrequencyProperty,28,0,0,0,7,0,3,0,3,0
oshi-dist/oshi-demo,oshi.driver.windows.perfmon,SystemInformation,5,0,0,0,1,0,1,0,1,0
oshi-dist/oshi-demo,oshi.driver.windows.perfmon,ThreadInformation,5,0,0,0,1,0,1,0,1,0
oshi-dist/oshi-demo,oshi.driver.windows.perfmon,ProcessorInformation,25,0,2,0,5,0,5,0,4,0
oshi-dist/oshi-demo,oshi.driver.windows.perfmon,MemoryInformation,5,0,0,0,1,0,1,0,1,0
oshi-dist/oshi-demo,oshi.driver.windows.perfmon,PhysicalDisk,5,0,0,0,1,0,1,0,1,0
oshi-dist/oshi-demo,oshi.driver.windows.perfmon,PagingFile,5,0,0,0,1,0,1,0,1,0
oshi-dist/oshi-demo,oshi.driver.windows.perfmon,ThreadInformation.ThreadPerformanceProperty,91,0,0,0,16,0,3,0,3,0
oshi-dist/oshi-demo,oshi.driver.windows.perfmon,SystemInformation.ContextSwitchProperty,28,0,0,0,8,0,4,0,4,0
oshi-dist/oshi-demo,oshi.driver.windows.perfmon,ProcessInformation.HandleCountProperty,28,0,0,0,7,0,3,0,3,0
oshi-dist/oshi-demo,oshi.driver.windows.perfmon,ProcessInformation.ProcessPerformanceProperty,77,0,0,0,14,0,3,0,3,0
oshi-dist/oshi-demo,oshi.driver.windows.perfmon,PhysicalDisk.PhysicalDiskProperty,63,0,0,0,12,0,3,0,3,0
oshi-dist/oshi-demo,oshi.driver.windows.perfmon,ProcessorInformation.ProcessorTickCountProperty,56,0,0,0,11,0,3,0,3,0
oshi-dist/oshi-demo,oshi.driver.unix.freebsd,Who,82,0,14,0,15,0,9,0,2,0
oshi-dist/oshi-demo,oshi.driver.unix.solaris.disk,Iostat,241,0,34,0,51,0,19,0,2,0
oshi-dist/oshi-demo,oshi.driver.unix.solaris.disk,Lshal,54,0,8,0,13,0,5,0,1,0
oshi-dist/oshi-demo,oshi.driver.unix.solaris.disk,Prtvtoc,195,0,37,0,60,0,27,0,1,0
oshi-dist/oshi-demo,oshi.driver.unix.aix,PsInfo.LwpsInfoT,112,0,0,0,19,0,3,0,3,0
oshi-dist/oshi-demo,oshi.driver.unix.aix,PsInfo,511,0,48,0,90,0,31,0,7,0
oshi-dist/oshi-demo,oshi.driver.unix.aix,PsInfo.PsInfoT,214,0,0,0,33,0,3,0,3,0
oshi-dist/oshi-demo,oshi.driver.unix.aix,Who,41,0,2,0,9,0,3,0,2,0
oshi-dist/oshi-demo,oshi.driver.unix.aix,Ls,61,0,10,0,11,0,6,0,1,0
oshi-dist/oshi-demo,oshi.driver.unix.aix,Uptime,56,0,6,0,12,0,5,0,2,0
oshi-dist/oshi-demo,oshi.driver.unix.aix,Lssrad,95,0,14,0,20,0,8,0,1,0
oshi-dist/oshi-demo,oshi.driver.unix.aix,Lscfg,152,0,22,0,35,0,14,0,3,0
oshi-dist/oshi-demo,oshi.driver.unix.aix,Lspv,240,0,24,0,37,0,13,0,1,0
oshi-dist/oshi-demo,oshi.util.platform.unix.freebsd,BsdSysctlUtil,202,0,14,0,37,0,13,0,6,0
oshi-dist/oshi-demo,oshi.util.platform.unix.freebsd,ProcstatUtil,148,0,20,0,23,0,13,0,3,0
oshi-dist/oshi-demo,oshi.software.os.unix.freebsd,FreeBsdOperatingSystem.PsKeywords,123,0,0,0,3,0,1,0,1,0
oshi-dist/oshi-demo,oshi.software.os.unix.freebsd,FreeBsdOSThread,245,0,14,0,55,0,24,0,15,0
oshi-dist/oshi-demo,oshi.software.os.unix.freebsd,FreeBsdNetworkParams,83,0,6,0,22,0,9,0,6,0
oshi-dist/oshi-demo,oshi.software.os.unix.freebsd,FreeBsdInternetProtocolStats,239,0,8,0,44,0,10,0,6,0
oshi-dist/oshi-demo,oshi.software.os.unix.freebsd,FreeBsdFileSystem,316,0,42,0,65,0,26,0,5,0
oshi-dist/oshi-demo,oshi.software.os.unix.freebsd,FreeBsdOperatingSystem,409,0,40,0,78,0,43,0,23,0
oshi-dist/oshi-demo,oshi.software.os.unix.freebsd,FreeBsdOSFileStore,125,0,8,0,32,0,14,0,10,0
oshi-dist/oshi-demo,oshi.software.os.unix.freebsd,FreeBsdOSProcess.PsThreadColumns,75,0,0,0,2,0,1,0,1,0
oshi-dist/oshi-demo,oshi.software.os.unix.freebsd,FreeBsdOSProcess,727,0,42,0,151,0,60,0,37,0
oshi-dist/oshi-demo,oshi.driver.linux.proc,CpuStat,214,0,34,0,48,0,22,0,5,0
oshi-dist/oshi-demo,oshi.driver.linux.proc,UpTime,20,0,2,0,7,0,2,0,1,0
oshi-dist/oshi-demo,oshi.driver.linux.proc,DiskStats,77,0,10,0,15,0,6,0,1,0
oshi-dist/oshi-demo,oshi.driver.linux.proc,UserGroupInfo,111,0,8,0,26,0,9,0,5,0
oshi-dist/oshi-demo,oshi.driver.linux.proc,ProcessStat.PidStatM,45,0,0,0,8,0,1,0,1,0
oshi-dist/oshi-demo,oshi.driver.linux.proc,DiskStats.IoStat,123,0,0,0,21,0,1,0,1,0
oshi-dist/oshi-demo,oshi.driver.linux.proc,CpuInfo,139,0,33,0,46,0,28,0,3,0
oshi-dist/oshi-demo,oshi.driver.linux.proc,ProcessStat,331,0,32,0,61,0,30,0,12,0
oshi-dist/oshi-demo,oshi.driver.linux.proc,ProcessStat.PidStat,315,0,0,0,53,0,1,0,1,0
oshi-dist/oshi-demo,oshi.hardware.platform.mac,MacGlobalMemory,240,0,21,0,54,0,23,0,11,0
oshi-dist/oshi-demo,oshi.hardware.platform.mac,MacVirtualMemory,141,0,4,0,28,0,12,0,10,0
oshi-dist/oshi-demo,oshi.hardware.platform.mac,MacUsbDevice,572,0,44,0,116,0,31,0,9,0
oshi-dist/oshi-demo,oshi.hardware.platform.mac,MacHWDiskStore,787,0,74,0,196,0,51,0,14,0
oshi-dist/oshi-demo,oshi.hardware.platform.mac,MacSoundCard,66,0,6,0,20,0,5,0,2,0
oshi-dist/oshi-demo,oshi.hardware.platform.mac,MacPowerSource,404,0,42,0,112,0,24,0,3,0
oshi-dist/oshi-demo,oshi.hardware.platform.mac,MacFirmware,223,0,44,0,57,0,30,0,7,0
oshi-dist/oshi-demo,oshi.hardware.platform.mac,MacDisplay,81,0,8,0,26,0,7,0,3,0
oshi-dist/oshi-demo,oshi.hardware.platform.mac,MacLogicalVolumeGroup,140,0,16,0,30,0,13,0,5,0
oshi-dist/oshi-demo,oshi.hardware.platform.mac,MacCentralProcessor,612,0,52,0,119,0,39,0,13,0
oshi-dist/oshi-demo,oshi.hardware.platform.mac,MacComputerSystem,115,0,14,0,27,0,15,0,8,0
oshi-dist/oshi-demo,oshi.hardware.platform.mac,MacHardwareAbstractionLayer,37,0,0,0,13,0,13,0,13,0
oshi-dist/oshi-demo,oshi.hardware.platform.mac,MacSensors,79,0,6,0,20,0,7,0,4,0
oshi-dist/oshi-demo,oshi.hardware.platform.mac,MacHWDiskStore.CFKey,126,0,0,0,12,0,3,0,3,0
oshi-dist/oshi-demo,oshi.hardware.platform.mac,MacNetworkIF,206,0,12,0,56,0,23,0,17,0
oshi-dist/oshi-demo,oshi.hardware.platform.mac,MacBaseboard,139,0,24,0,34,0,18,0,6,0
oshi-dist/oshi-demo,oshi.hardware.platform.mac,MacGraphicsCard,152,0,22,0,32,0,13,0,2,0
oshi-dist/oshi-demo,oshi.hardware.platform.unix.openbsd,OpenBsdComputerSystem,78,0,0,0,16,0,11,0,11,0
oshi-dist/oshi-demo,oshi.hardware.platform.unix.openbsd,OpenBsdHardwareAbstractionLayer,35,0,0,0,12,0,12,0,12,0
oshi-dist/oshi-demo,oshi.hardware.platform.unix.openbsd,OpenBsdUsbDevice,374,0,32,0,69,0,22,0,6,0
oshi-dist/oshi-demo,oshi.hardware.platform.unix.openbsd,OpenBsdVirtualMemory,156,0,12,0,29,0,15,0,9,0
oshi-dist/oshi-demo,oshi.hardware.platform.unix.openbsd,OpenBsdSensors,202,0,24,0,36,0,18,0,6,0
oshi-dist/oshi-demo,oshi.hardware.platform.unix.openbsd,OpenBsdGlobalMemory,123,0,6,0,27,0,12,0,9,0
oshi-dist/oshi-demo,oshi.hardware.platform.unix.openbsd,OpenBsdSoundCard,163,0,16,0,35,0,11,0,3,0
oshi-dist/oshi-demo,oshi.hardware.platform.unix.openbsd,OpenBsdFirmware,89,0,10,0,18,0,10,0,5,0
oshi-dist/oshi-demo,oshi.hardware.platform.unix.openbsd,OpenBsdGraphicsCard,211,0,42,0,43,0,24,0,3,0
oshi-dist/oshi-demo,oshi.hardware.platform.unix.openbsd,OpenBsdPowerSource,388,0,66,0,73,0,36,0,3,0
oshi-dist/oshi-demo,oshi.hardware.platform.unix.openbsd,OpenBsdCentralProcessor,602,0,48,0,108,0,38,0,14,0
oshi-dist/oshi-demo,oshi.hardware.platform.unix.openbsd,OpenBsdHWDiskStore,310,0,22,0,67,0,23,0,12,0
oshi-dist/oshi-demo,oshi.driver.unix.aix.perfstat,PerfstatConfig,23,0,2,0,6,0,3,0,2,0
oshi-dist/oshi-demo,oshi.driver.unix.aix.perfstat,PerfstatDisk,41,0,4,0,10,0,4,0,2,0
oshi-dist/oshi-demo,oshi.driver.unix.aix.perfstat,PerfstatNetInterface,41,0,4,0,10,0,4,0,2,0
oshi-dist/oshi-demo,oshi.driver.unix.aix.perfstat,PerfstatCpu,80,0,10,0,19,0,9,0,4,0
oshi-dist/oshi-demo,oshi.driver.unix.aix.perfstat,PerfstatProtocol,41,0,4,0,10,0,4,0,2,0
oshi-dist/oshi-demo,oshi.driver.unix.aix.perfstat,PerfstatProcess,44,0,4,0,10,0,4,0,2,0
oshi-dist/oshi-demo,oshi.driver.unix.aix.perfstat,PerfstatMemory,23,0,2,0,6,0,3,0,2,0
oshi-dist/oshi-demo,oshi.driver.unix.freebsd.disk,GeomPartList,220,0,32,0,53,0,17,0,1,0
oshi-dist/oshi-demo,oshi.driver.unix.freebsd.disk,GeomDiskList,121,0,18,0,29,0,10,0,1,0
oshi-dist/oshi-demo,oshi.driver.unix.freebsd.disk,Mount,38,0,4,0,8,0,4,0,2,0
oshi-dist/oshi-demo,oshi.driver.unix,Who,178,0,16,0,34,0,12,0,4,0
oshi-dist/oshi-demo,oshi.driver.unix,NetStat,493,0,60,0,100,0,41,0,5,0
oshi-dist/oshi-demo,oshi.driver.unix,Xwininfo,255,0,22,0,48,0,14,0,3,0
oshi-dist/oshi-demo,oshi.driver.unix,Xrandr,77,0,12,0,20,0,8,0,2,0
oshi-dist/oshi-demo,oshi.software.os.unix.openbsd,OpenBsdOSFileStore,124,0,8,0,32,0,14,0,10,0
oshi-dist/oshi-demo,oshi.software.os.unix.openbsd,OpenBsdNetworkParams,11,0,0,0,3,0,3,0,3,0
oshi-dist/oshi-demo,oshi.software.os.unix.openbsd,OpenBsdOSThread,234,0,14,0,55,0,24,0,15,0
oshi-dist/oshi-demo,oshi.software.os.unix.openbsd,OpenBsdOperatingSystem,395,0,34,0,78,0,39,0,22,0
oshi-dist/oshi-demo,oshi.software.os.unix.openbsd,OpenBsdOSProcess,798,0,50,0,169,0,64,0,37,0
oshi-dist/oshi-demo,oshi.software.os.unix.openbsd,OpenBsdOperatingSystem.PsKeywords,111,0,0,0,3,0,1,0,1,0
oshi-dist/oshi-demo,oshi.software.os.unix.openbsd,OpenBsdOSProcess.PsThreadColumns,63,0,0,0,2,0,1,0,1,0
oshi-dist/oshi-demo,oshi.software.os.unix.openbsd,OpenBsdFileSystem,287,0,38,0,58,0,26,0,7,0
oshi-dist/oshi-demo,oshi.software.os.unix.openbsd,OpenBsdInternetProtocolStats,9,0,0,0,3,0,3,0,3,0
oshi-dist/oshi-demo,oshi.util,Util,10,61,1,13,3,10,1,11,0,5
oshi-dist/oshi-demo,oshi.util,FileSystemUtil,0,110,1,19,0,20,1,13,0,4
oshi-dist/oshi-demo,oshi.util,LsofUtil,4,117,4,13,2,19,4,8,0,3
oshi-dist/oshi-demo,oshi.util,Memoizer.new Supplier() {...},2,71,1,9,0,14,1,6,0,2
oshi-dist/oshi-demo,oshi.util,GlobalConfig,0,70,0,8,0,18,0,13,0,9
oshi-dist/oshi-demo,oshi.util,Constants,6,5,0,0,2,1,1,1,1,1
oshi-dist/oshi-demo,oshi.util,ParseUtil,32,2027,28,244,7,416,27,167,0,55
oshi-dist/oshi-demo,oshi.util,Memoizer,0,29,0,0,0,6,0,5,0,5
oshi-dist/oshi-demo,oshi.util,FileUtil,136,250,24,34,36,63,22,20,3,10
oshi-dist/oshi-demo,oshi.util,EdidUtil,32,522,7,16,2,63,6,25,0,17
oshi-dist/oshi-demo,oshi.util,FormatUtil,0,370,0,36,0,56,0,30,0,12
oshi-dist/oshi-demo,oshi.util,GlobalConfig.PropertyException,15,17,0,0,2,2,1,1,1,1
oshi-dist/oshi-demo,oshi.util,ExecutingCommand,41,107,4,10,15,29,4,11,0,8
oshi-dist/oshi-demo,oshi.driver.windows.registry,ProcessWtsData,205,0,14,0,34,0,11,0,4,0
oshi-dist/oshi-demo,oshi.driver.windows.registry,HkeyPerformanceDataUtil,456,0,32,0,90,0,21,0,5,0
oshi-dist/oshi-demo,oshi.driver.windows.registry,ProcessWtsData.WtsInfo,45,0,0,0,16,0,8,0,8,0
oshi-dist/oshi-demo,oshi.driver.windows.registry,ThreadPerformanceData.PerfCounterBlock,69,0,0,0,24,0,12,0,12,0
oshi-dist/oshi-demo,oshi.driver.windows.registry,ProcessPerformanceData.PerfCounterBlock,58,0,0,0,20,0,10,0,10,0
oshi-dist/oshi-demo,oshi.driver.windows.registry,ProcessPerformanceData,291,0,26,0,55,0,16,0,3,0
oshi-dist/oshi-demo,oshi.driver.windows.registry,SessionWtsData,213,0,16,0,50,0,11,0,3,0
oshi-dist/oshi-demo,oshi.driver.windows.registry,HkeyUserData,159,0,20,0,30,0,12,0,2,0
oshi-dist/oshi-demo,oshi.driver.windows.registry,ThreadPerformanceData,351,0,22,0,65,0,13,0,2,0
oshi-dist/oshi-demo,oshi.driver.windows.registry,NetSessionData,91,0,6,0,15,0,5,0,2,0
oshi-dist/oshi-demo,oshi.driver.windows.wmi,Win32ComputerSystem.ComputerSystemProperty,15,0,0,0,2,0,1,0,1,0
oshi-dist/oshi-demo,oshi.driver.windows.wmi,MSFTStorage.StoragePoolProperty,15,0,0,0,2,0,1,0,1,0
oshi-dist/oshi-demo,oshi.driver.windows.wmi,Win32VideoController,12,0,0,0,2,0,1,0,1,0
oshi-dist/oshi-demo,oshi.driver.windows.wmi,Win32Processor.VoltProperty,15,0,0,0,2,0,1,0,1,0
oshi-dist/oshi-demo,oshi.driver.windows.wmi,Win32DiskPartition,11,0,0,0,2,0,1,0,1,0
oshi-dist/oshi-demo,oshi.driver.windows.wmi,Win32ComputerSystem,12,0,0,0,2,0,1,0,1,0
oshi-dist/oshi-demo,oshi.driver.windows.wmi,Win32BaseBoard,12,0,0,0,2,0,1,0,1,0
oshi-dist/oshi-demo,oshi.driver.windows.wmi,Win32Fan,12,0,0,0,2,0,1,0,1,0
oshi-dist/oshi-demo,oshi.driver.windows.wmi,Win32DiskDriveToDiskPartition,11,0,0,0,2,0,1,0,1,0
oshi-dist/oshi-demo,oshi.driver.windows.wmi,Win32Processor.BitnessProperty,9,0,0,0,2,0,1,0,1,0
oshi-dist/oshi-demo,oshi.driver.windows.wmi,Win32DiskDrive.DiskDriveProperty,39,0,0,0,2,0,1,0,1,0
oshi-dist/oshi-demo,oshi.driver.windows.wmi,Win32OperatingSystem.OSVersionProperty,33,0,0,0,2,0,1,0,1,0
oshi-dist/oshi-demo,oshi.driver.windows.wmi,OhmHardware,30,0,0,0,4,0,1,0,1,0
oshi-dist/oshi-demo,oshi.driver.windows.wmi,MSFTStorage.PhysicalDiskProperty,21,0,0,0,2,0,1,0,1,0
oshi-dist/oshi-demo,oshi.driver.windows.wmi,Win32Process.CommandLineProperty,15,0,0,0,2,0,1,0,1,0
oshi-dist/oshi-demo,oshi.driver.windows.wmi,Win32DiskPartition.DiskPartitionProperty,45,0,0,0,2,0,1,0,1,0
oshi-dist/oshi-demo,oshi.driver.windows.wmi,Win32ProcessCached,110,0,10,0,24,0,10,0,5,0
oshi-dist/oshi-demo,oshi.driver.windows.wmi,OhmSensor,32,0,0,0,5,0,1,0,1,0
oshi-dist/oshi-demo,oshi.driver.windows.wmi,Win32Process,68,0,4,0,12,0,4,0,2,0
oshi-dist/oshi-demo,oshi.driver.windows.wmi,MSFTStorage,48,0,0,0,8,0,4,0,4,0
oshi-dist/oshi-demo,oshi.driver.windows.wmi,Win32Bios.BiosProperty,33,0,0,0,2,0,1,0,1,0
oshi-dist/oshi-demo,oshi.driver.windows.wmi,MSAcpiThermalZoneTemperature,13,0,0,0,2,0,1,0,1,0
oshi-dist/oshi-demo,oshi.driver.windows.wmi,Win32BaseBoard.BaseBoardProperty,27,0,0,0,2,0,1,0,1,0
oshi-dist/oshi-demo,oshi.driver.windows.wmi,Win32DiskDrive,11,0,0,0,2,0,1,0,1,0
oshi-dist/oshi-demo,oshi.driver.windows.wmi,Win32Processor,36,0,0,0,6,0,3,0,3,0
oshi-dist/oshi-demo,oshi.driver.windows.wmi,Win32VideoController.VideoControllerProperty,33,0,0,0,2,0,1,0,1,0
oshi-dist/oshi-demo,oshi.driver.windows.wmi,OhmHardware.IdentifierProperty,9,0,0,0,2,0,1,0,1,0
oshi-dist/oshi-demo,oshi.driver.windows.wmi,Win32LogicalDiskToPartition,11,0,0,0,2,0,1,0,1,0
oshi-dist/oshi-demo,oshi.driver.windows.wmi,Win32Process.ProcessXPProperty,51,0,0,0,2,0,1,0,1,0
oshi-dist/oshi-demo,oshi.driver.windows.wmi,Win32Fan.SpeedProperty,9,0,0,0,2,0,1,0,1,0
oshi-dist/oshi-demo,oshi.driver.windows.wmi,Win32LogicalDisk,44,0,6,0,9,0,4,0,1,0
oshi-dist/oshi-demo,oshi.driver.windows.wmi,Win32PhysicalMemory.PhysicalMemoryProperty,33,0,0,0,2,0,1,0,1,0
oshi-dist/oshi-demo,oshi.driver.windows.wmi,Win32Processor.ProcessorIdProperty,9,0,0,0,2,0,1,0,1,0
oshi-dist/oshi-demo,oshi.driver.windows.wmi,Win32OperatingSystem,12,0,0,0,2,0,1,0,1,0
oshi-dist/oshi-demo,oshi.driver.windows.wmi,MSFTStorage.StoragePoolToPhysicalDiskProperty,15,0,0,0,2,0,1,0,1,0
oshi-dist/oshi-demo,oshi.driver.windows.wmi,MSFTStorage.VirtualDiskProperty,15,0,0,0,2,0,1,0,1,0
oshi-dist/oshi-demo,oshi.driver.windows.wmi,Win32DiskDriveToDiskPartition.DriveToPartitionProperty,15,0,0,0,2,0,1,0,1,0
oshi-dist/oshi-demo,oshi.driver.windows.wmi,Win32LogicalDisk.LogicalDiskProperty,57,0,0,0,2,0,1,0,1,0
oshi-dist/oshi-demo,oshi.driver.windows.wmi,Win32Bios.BiosSerialProperty,9,0,0,0,2,0,1,0,1,0
oshi-dist/oshi-demo,oshi.driver.windows.wmi,MSAcpiThermalZoneTemperature.TemperatureProperty,9,0,0,0,2,0,1,0,1,0
oshi-dist/oshi-demo,oshi.driver.windows.wmi,Win32ComputerSystemProduct.ComputerSystemProductProperty,15,0,0,0,2,0,1,0,1,0
oshi-dist/oshi-demo,oshi.driver.windows.wmi,OhmSensor.ValueProperty,9,0,0,0,2,0,1,0,1,0
oshi-dist/oshi-demo,oshi.driver.windows.wmi,Win32LogicalDiskToPartition.DiskToPartitionProperty,27,0,0,0,2,0,1,0,1,0
oshi-dist/oshi-demo,oshi.driver.windows.wmi,Win32Bios,24,0,0,0,4,0,2,0,2,0
oshi-dist/oshi-demo,oshi.driver.windows.wmi,Win32PhysicalMemory.PhysicalMemoryPropertyWin8,33,0,0,0,2,0,1,0,1,0
oshi-dist/oshi-demo,oshi.driver.windows.wmi,Win32PhysicalMemory,24,0,0,0,4,0,2,0,2,0
oshi-dist/oshi-demo,oshi.driver.windows.wmi,Win32ComputerSystemProduct,12,0,0,0,2,0,1,0,1,0
oshi-dist/oshi-demo,oshi.jna.platform.windows,PowrProf.BATTERY_MANUFACTURE_DATE,3,0,0,0,1,0,1,0,1,0
oshi-dist/oshi-demo,oshi.jna.platform.windows,PowrProf.BATTERY_STATUS,3,0,0,0,1,0,1,0,1,0
oshi-dist/oshi-demo,oshi.jna.platform.windows,PowrProf,6,0,0,0,1,0,1,0,1,0
oshi-dist/oshi-demo,oshi.jna.platform.windows,PowrProf.BATTERY_QUERY_INFORMATION_LEVEL,57,0,0,0,3,0,1,0,1,0
oshi-dist/oshi-demo,oshi.jna.platform.windows,PowrProf.BATTERY_WAIT_STATUS,3,0,0,0,1,0,1,0,1,0
oshi-dist/oshi-demo,oshi.jna.platform.windows,NtDll.PEB,11,0,0,0,3,0,1,0,1,0
oshi-dist/oshi-demo,oshi.jna.platform.windows,PowrProf.ProcessorPowerInformation,9,0,0,0,5,0,2,0,2,0
oshi-dist/oshi-demo,oshi.jna.platform.windows,NtDll.STRING,3,0,0,0,1,0,1,0,1,0
oshi-dist/oshi-demo,oshi.jna.platform.windows,NtDll.CURDIR,3,0,0,0,1,0,1,0,1,0
oshi-dist/oshi-demo,oshi.jna.platform.windows,PowrProf.BATTERY_INFORMATION,11,0,0,0,3,0,1,0,1,0
oshi-dist/oshi-demo,oshi.jna.platform.windows,NtDll.PROCESS_BASIC_INFORMATION,7,0,0,0,2,0,1,0,1,0
oshi-dist/oshi-demo,oshi.jna.platform.windows,NtDll.RTL_DRIVE_LETTER_CURDIR,3,0,0,0,1,0,1,0,1,0
oshi-dist/oshi-demo,oshi.jna.platform.windows,PowrProf.SystemBatteryState,17,0,0,0,6,0,2,0,2,0
oshi-dist/oshi-demo,oshi.jna.platform.windows,PowrProf.BATTERY_QUERY_INFORMATION,3,0,0,0,1,0,1,0,1,0
oshi-dist/oshi-demo,oshi.jna.platform.windows,WinNT.TOKEN_ELEVATION,3,0,0,0,1,0,1,0,1,0
oshi-dist/oshi-demo,oshi.jna.platform.windows,NtDll.RTL_USER_PROCESS_PARAMETERS,7,0,0,0,2,0,1,0,1,0
oshi-dist/oshi-demo,oshi.jna.platform.windows,NtDll,7,0,0,0,1,0,1,0,1,0
oshi-dist/oshi-demo,oshi.jna.platform.windows,NtDll.UNICODE_STRING,3,0,0,0,1,0,1,0,1,0
oshi-dist/oshi-demo,oshi.software.os.unix.aix,AixInternetProtocolStats,138,0,8,0,10,0,7,0,3,0
oshi-dist/oshi-demo,oshi.software.os.unix.aix,AixOSFileStore,118,0,6,0,31,0,13,0,10,0
oshi-dist/oshi-demo,oshi.software.os.unix.aix,AixNetworkParams,60,0,8,0,14,0,10,0,6,0
oshi-dist/oshi-demo,oshi.software.os.unix.aix,AixOSThread,125,0,8,0,30,0,15,0,11,0
oshi-dist/oshi-demo,oshi.software.os.unix.aix,AixOperatingSystem,537,0,54,0,87,0,49,0,22,0
oshi-dist/oshi-demo,oshi.software.os.unix.aix,AixOperatingSystem.PsKeywords,99,0,0,0,2,0,1,0,1,0
oshi-dist/oshi-demo,oshi.software.os.unix.aix,AixOSProcess,621,0,45,0,132,0,59,0,34,0
oshi-dist/oshi-demo,oshi.software.os.unix.aix,AixOSProcess.PsThreadColumns,81,0,0,0,2,0,1,0,1,0
oshi-dist/oshi-demo,oshi.software.os.unix.aix,AixFileSystem,298,0,40,0,62,0,27,0,7,0
oshi-dist/oshi-demo,oshi.hardware.platform.unix,UnixDisplay,12,0,0,0,3,0,2,0,2,0
oshi-dist/oshi-demo,oshi.hardware.platform.unix,UnixBaseboard,27,0,0,0,10,0,5,0,5,0
oshi-dist/oshi-demo,oshi.hardware.platform.unix,BsdNetworkIF,155,0,4,0,36,0,16,0,14,0
oshi-dist/oshi-demo,oshi.hardware.platform.windows,WindowsFirmware,116,0,12,0,24,0,13,0,7,0
oshi-dist/oshi-demo,oshi.hardware.platform.windows,WindowsCentralProcessor,730,0,70,0,136,0,48,0,13,0
oshi-dist/oshi-demo,oshi.hardware.platform.windows,WindowsBaseboard,96,0,10,0,19,0,11,0,6,0
oshi-dist/oshi-demo,oshi.hardware.platform.windows,WindowsUsbDevice,268,0,26,0,59,0,20,0,7,0
oshi-dist/oshi-demo,oshi.hardware.platform.windows,WindowsGlobalMemory,324,0,61,0,96,0,66,0,11,0
oshi-dist/oshi-demo,oshi.hardware.platform.windows,WindowsHWDiskStore.PartitionMaps,18,0,0,0,4,0,1,0,1,0
oshi-dist/oshi-demo,oshi.hardware.platform.windows,WindowsHardwareAbstractionLayer,37,0,0,0,13,0,13,0,13,0
oshi-dist/oshi-demo,oshi.hardware.platform.windows,WindowsComputerSystem,134,0,16,0,34,0,18,0,10,0
oshi-dist/oshi-demo,oshi.hardware.platform.windows,WindowsDisplay,119,0,8,0,26,0,7,0,3,0
oshi-dist/oshi-demo,oshi.hardware.platform.windows,WindowsHWDiskStore.DiskStats,33,0,0,0,7,0,1,0,1,0
oshi-dist/oshi-demo,oshi.hardware.platform.windows,WindowsVirtualMemory,159,0,2,0,25,0,12,0,11,0
oshi-dist/oshi-demo,oshi.hardware.platform.windows,WindowsNetworkIF,267,0,10,0,70,0,24,0,19,0
oshi-dist/oshi-demo,oshi.hardware.platform.windows,WindowsGraphicsCard,124,0,16,0,24,0,11,0,3,0
oshi-dist/oshi-demo,oshi.hardware.platform.windows,WindowsSoundCard,96,0,6,0,18,0,5,0,2,0
oshi-dist/oshi-demo,oshi.hardware.platform.windows,WindowsHWDiskStore,827,0,66,0,148,0,49,0,16,0
oshi-dist/oshi-demo,oshi.hardware.platform.windows,WindowsLogicalVolumeGroup,367,0,34,0,77,0,20,0,3,0
oshi-dist/oshi-demo,oshi.hardware.platform.windows,WindowsSensors,405,0,64,0,113,0,43,0,11,0
oshi-dist/oshi-demo,oshi.hardware.platform.windows,WindowsPowerSource,700,0,84,0,155,0,47,0,5,0
oshi-dist/oshi-demo,oshi.driver.linux,Lshw,109,0,16,0,24,0,12,0,4,0
oshi-dist/oshi-demo,oshi.driver.linux,Devicetree,13,0,2,0,4,0,2,0,1,0
oshi-dist/oshi-demo,oshi.driver.linux,Lshal,46,0,8,0,12,0,6,0,2,0
oshi-dist/oshi-demo,oshi.driver.linux,Dmidecode,119,0,16,0,26,0,11,0,3,0
oshi-dist/oshi-demo,oshi.driver.linux,Who,83,0,14,0,15,0,9,0,2,0
oshi-dist/oshi-demo,oshi.driver.linux,Sysfs,189,0,36,0,54,0,30,0,12,0
oshi-dist/oshi-demo,oshi.demo.gui,InterfacePanel,377,0,16,0,67,0,15,0,7,0
oshi-dist/oshi-demo,oshi.demo.gui,ProcessPanel,667,0,28,0,103,0,20,0,6,0
oshi-dist/oshi-demo,oshi.demo.gui,UsbPanel,97,0,4,0,24,0,6,0,4,0
oshi-dist/oshi-demo,oshi.demo.gui,OshiJPanel,55,0,2,0,13,0,2,0,1,0
oshi-dist/oshi-demo,oshi.demo.gui,FileStorePanel,277,0,10,0,60,0,10,0,5,0
oshi-dist/oshi-demo,oshi.demo.gui,MemoryPanel,275,0,2,0,60,0,9,0,8,0
oshi-dist/oshi-demo,oshi.demo.gui,ProcessorPanel,246,0,4,0,48,0,8,0,6,0
oshi-dist/oshi-demo,oshi.demo.gui,OsHwTextPanel,416,0,10,0,85,0,13,0,8,0
oshi-dist/oshi-demo,oshi.driver.mac.net,NetStat.IFdata,87,0,0,0,24,0,12,0,12,0
oshi-dist/oshi-demo,oshi.driver.mac.net,NetStat,175,0,14,0,28,0,9,0,2,0
oshi-dist/oshi-demo,oshi.util.platform.unix.openbsd,OpenBsdSysctlUtil,260,0,18,0,43,0,18,0,9,0
oshi-dist/oshi-demo,oshi.util.platform.unix.openbsd,FstatUtil,73,0,10,0,12,0,7,0,2,0
oshi-dist/oshi-demo,oshi.util.tuples,Quartet,0,27,0,0,0,10,0,5,0,5
oshi-dist/oshi-demo,oshi.util.tuples,Pair,0,15,0,0,0,6,0,3,0,3
oshi-dist/oshi-demo,oshi.util.tuples,Quintet,0,33,0,0,0,12,0,6,0,6
oshi-dist/oshi-demo,oshi.util.tuples,Triplet,0,21,0,0,0,8,0,4,0,4
oshi-dist/oshi-demo,oshi.driver.unix.solaris.kstat,SystemPages,32,0,4,0,8,0,3,0,1,0
oshi-dist/oshi-demo,oshi,PlatformEnum,9,112,2,2,3,19,4,3,2,3
oshi-dist/oshi-demo,oshi,SystemInfo,74,45,14,2,14,12,14,7,0,7
oshi-dist/oshi-demo,oshi.jna.platform.linux,LinuxLibc.Ut_Tv,3,0,0,0,1,0,1,0,1,0
oshi-dist/oshi-demo,oshi.jna.platform.linux,LinuxLibc.Exit_status,3,0,0,0,1,0,1,0,1,0
oshi-dist/oshi-demo,oshi.jna.platform.linux,LinuxLibc.LinuxUtmpx,27,0,0,0,7,0,1,0,1,0
oshi-dist/oshi-demo,oshi.jna.platform.linux,LinuxLibc,6,0,0,0,1,0,1,0,1,0
oshi-dist/oshi-demo,oshi.software.os.linux,LinuxOSProcess.ProcPidStat,84,0,0,0,7,0,3,0,3,0
oshi-dist/oshi-demo,oshi.software.os.linux,LinuxOSProcess,674,0,32,0,126,0,54,0,38,0
oshi-dist/oshi-demo,oshi.software.os.linux,LinuxInternetProtocolStats,324,0,30,0,57,0,29,0,9,0
oshi-dist/oshi-demo,oshi.software.os.linux,LinuxFileSystem,495,0,58,0,113,0,38,0,9,0
oshi-dist/oshi-demo,oshi.software.os.linux,LinuxOSThread,256,0,6,0,48,0,18,0,15,0
oshi-dist/oshi-demo,oshi.software.os.linux,LinuxOSThread.ThreadPidStat,91,0,0,0,7,0,3,0,3,0
oshi-dist/oshi-demo,oshi.software.os.linux,LinuxOperatingSystem,1203,0,186,0,239,0,126,0,33,0
oshi-dist/oshi-demo,oshi.software.os.linux,LinuxNetworkParams,222,0,34,0,53,0,23,0,6,0
oshi-dist/oshi-demo,oshi.software.os.linux,LinuxOSFileStore,119,0,6,0,31,0,13,0,10,0
oshi-dist/oshi-demo,oshi.util.platform.linux,ProcPath,258,0,2,0,31,0,3,0,2,0
oshi-dist/oshi-demo,oshi.util.platform.mac,CFUtil,25,0,6,0,8,0,5,0,2,0
oshi-dist/oshi-demo,oshi.util.platform.mac,SysctlUtil,193,0,14,0,36,0,13,0,6,0
oshi-dist/oshi-demo,oshi.util.platform.mac,SmcUtil,323,0,32,0,66,0,24,0,8,0
oshi-dist/oshi-demo,oshi.jna.platform.unix,CLibrary.Addrinfo.ByReference,3,0,0,0,1,0,1,0,1,0
oshi-dist/oshi-demo,oshi.jna.platform.unix,SolarisLibc.SolarisUtmpx,19,0,0,0,5,0,1,0,1,0
oshi-dist/oshi-demo,oshi.jna.platform.unix,FreeBsdLibc.CpTime,7,0,0,0,2,0,1,0,1,0
oshi-dist/oshi-demo,oshi.jna.platform.unix,SolarisLibc.Timeval,3,0,0,0,1,0,1,0,1,0
oshi-dist/oshi-demo,oshi.jna.platform.unix,AixLibc,6,0,0,0,1,0,1,0,1,0
oshi-dist/oshi-demo,oshi.jna.platform.unix,OpenBsdLibc,12,0,0,0,3,0,1,0,1,0
oshi-dist/oshi-demo,oshi.jna.platform.unix,CLibrary.BsdTcpstat,3,0,0,0,1,0,1,0,1,0
oshi-dist/oshi-demo,oshi.jna.platform.unix,CLibrary.Sockaddr.ByReference,3,0,0,0,1,0,1,0,1,0
oshi-dist/oshi-demo,oshi.jna.platform.unix,CLibrary.Addrinfo,9,0,0,0,5,0,2,0,2,0
oshi-dist/oshi-demo,oshi.jna.platform.unix,FreeBsdLibc.FreeBsdUtmpx,23,0,0,0,6,0,1,0,1,0
oshi-dist/oshi-demo,oshi.jna.platform.unix,SolarisLibc,6,0,0,0,1,0,1,0,1,0
oshi-dist/oshi-demo,oshi.jna.platform.unix,SolarisLibc.Exit_status,3,0,0,0,1,0,1,0,1,0
oshi-dist/oshi-demo,oshi.jna.platform.unix,CLibrary.BsdIpstat,3,0,0,0,1,0,1,0,1,0
oshi-dist/oshi-demo,oshi.jna.platform.unix,CLibrary.BsdUdpstat,3,0,0,0,1,0,1,0,1,0
oshi-dist/oshi-demo,oshi.jna.platform.unix,CLibrary.BsdIp6stat,3,0,0,0,1,0,1,0,1,0
oshi-dist/oshi-demo,oshi.jna.platform.unix,FreeBsdLibc,12,0,0,0,3,0,1,0,1,0
oshi-dist/oshi-demo,oshi.jna.platform.unix,OpenBsdLibc.Bcachestats,6,0,0,0,3,0,1,0,1,0
oshi-dist/oshi-demo,oshi.jna.platform.unix,CLibrary.Sockaddr,7,0,0,0,2,0,1,0,1,0
oshi-dist/oshi-demo,oshi.jna.platform.unix,OpenBsdLibc.Timeval,3,0,0,0,1,0,1,0,1,0
oshi-dist/oshi-demo,oshi.jna.platform.unix,FreeBsdLibc.Timeval,3,0,0,0,1,0,1,0,1,0
oshi-dist/oshi-demo,oshi.hardware.platform.unix.aix,AixBaseboard,55,0,6,0,10,0,8,0,5,0
oshi-dist/oshi-demo,oshi.hardware.platform.unix.aix,AixVirtualMemory,55,0,0,0,10,0,7,0,7,0
oshi-dist/oshi-demo,oshi.hardware.platform.unix.aix,AixGraphicsCard,116,0,24,0,25,0,14,0,2,0
oshi-dist/oshi-demo,oshi.hardware.platform.unix.aix,AixComputerSystem,244,0,22,0,51,0,19,0,8,0
oshi-dist/oshi-demo,oshi.hardware.platform.unix.aix,AixGlobalMemory,171,0,18,0,39,0,17,0,8,0
oshi-dist/oshi-demo,oshi.hardware.platform.unix.aix,AixSensors,34,0,4,0,11,0,6,0,4,0
oshi-dist/oshi-demo,oshi.hardware.platform.unix.aix,AixCentralProcessor,572,0,46,0,99,0,35,0,12,0
oshi-dist/oshi-demo,oshi.hardware.platform.unix.aix,AixFirmware,21,0,0,0,8,0,4,0,4,0
oshi-dist/oshi-demo,oshi.hardware.platform.unix.aix,AixNetworkIF,156,0,6,0,42,0,17,0,14,0
oshi-dist/oshi-demo,oshi.hardware.platform.unix.aix,AixSoundCard,52,0,6,0,11,0,5,0,2,0
oshi-dist/oshi-demo,oshi.hardware.platform.unix.aix,AixUsbDevice,81,0,8,0,14,0,6,0,2,0
oshi-dist/oshi-demo,oshi.hardware.platform.unix.aix,AixComputerSystem.LsattrStrings,59,0,14,0,9,0,8,0,1,0
oshi-dist/oshi-demo,oshi.hardware.platform.unix.aix,AixPowerSource,26,0,0,0,3,0,2,0,2,0
oshi-dist/oshi-demo,oshi.hardware.platform.unix.aix,AixHWDiskStore,259,0,16,0,50,0,21,0,13,0
oshi-dist/oshi-demo,oshi.hardware.platform.unix.aix,AixHardwareAbstractionLayer,59,0,0,0,14,0,12,0,12,0
oshi-dist/oshi-demo,oshi.driver.mac,ThreadInfo.ThreadStats,71,0,6,0,25,0,12,0,7,0
oshi-dist/oshi-demo,oshi.driver.mac,Who,84,0,14,0,15,0,9,0,2,0
oshi-dist/oshi-demo,oshi.driver.mac,ThreadInfo,105,0,6,0,17,0,6,0,3,0
oshi-dist/oshi-demo,oshi.driver.mac,WindowInfo,205,0,14,0,47,0,8,0,1,0
oshi-dist/oshi-demo,oshi.hardware.platform.unix.freebsd,FreeBsdUsbDevice,400,0,40,0,76,0,26,0,6,0
oshi-dist/oshi-demo,oshi.hardware.platform.unix.freebsd,FreeBsdSoundCard,137,0,18,0,26,0,11,0,2,0
oshi-dist/oshi-demo,oshi.hardware.platform.unix.freebsd,FreeBsdHWDiskStore,314,0,14,0,60,0,18,0,11,0
oshi-dist/oshi-demo,oshi.hardware.platform.unix.freebsd,FreeBsdPowerSource,297,0,32,0,69,0,19,0,3,0
oshi-dist/oshi-demo,oshi.hardware.platform.unix.freebsd,FreeBsdGraphicsCard,262,0,48,0,46,0,26,0,2,0
oshi-dist/oshi-demo,oshi.hardware.platform.unix.freebsd,FreeBsdCentralProcessor,765,0,72,0,147,0,52,0,15,0
oshi-dist/oshi-demo,oshi.hardware.platform.unix.freebsd,FreeBsdHardwareAbstractionLayer,35,0,0,0,12,0,12,0,12,0
oshi-dist/oshi-demo,oshi.hardware.platform.unix.freebsd,FreeBsdSensors,70,0,4,0,13,0,7,0,5,0
oshi-dist/oshi-demo,oshi.hardware.platform.unix.freebsd,FreeBsdFirmware,112,0,14,0,23,0,12,0,5,0
oshi-dist/oshi-demo,oshi.hardware.platform.unix.freebsd,FreeBsdVirtualMemory,102,0,2,0,21,0,12,0,11,0
oshi-dist/oshi-demo,oshi.hardware.platform.unix.freebsd,FreeBsdComputerSystem,227,0,30,0,45,0,24,0,9,0
oshi-dist/oshi-demo,oshi.hardware.platform.unix.freebsd,FreeBsdGlobalMemory,75,0,0,0,15,0,9,0,9,0
oshi-dist/oshi-demo,oshi.hardware.platform.linux,LinuxSensors,389,0,54,0,82,0,39,0,12,0
oshi-dist/oshi-demo,oshi.hardware.platform.linux,LinuxFirmware,235,0,22,0,49,0,24,0,13,0
oshi-dist/oshi-demo,oshi.hardware.platform.linux,LinuxComputerSystem,123,0,26,0,30,0,24,0,11,0
oshi-dist/oshi-demo,oshi.hardware.platform.linux,LinuxHardwareAbstractionLayer,37,0,0,0,13,0,13,0,13,0
oshi-dist/oshi-demo,oshi.hardware.platform.linux,LinuxGlobalMemory,147,0,11,0,34,0,16,0,8,0
oshi-dist/oshi-demo,oshi.hardware.platform.linux,LinuxGraphicsCard,380,0,58,0,82,0,34,0,5,0
oshi-dist/oshi-demo,oshi.hardware.platform.linux,LinuxFirmware.VcGenCmdStrings,18,0,0,0,7,0,1,0,1,0
oshi-dist/oshi-demo,oshi.hardware.platform.linux,LinuxUsbDevice,340,0,28,0,72,0,20,0,6,0
oshi-dist/oshi-demo,oshi.hardware.platform.linux,LinuxSoundCard,238,0,32,0,42,0,23,0,7,0
oshi-dist/oshi-demo,oshi.hardware.platform.linux,LinuxHWDiskStore.UdevStat,56,0,0,0,6,0,3,0,3,0
oshi-dist/oshi-demo,oshi.hardware.platform.linux,LinuxPowerSource,353,0,40,0,66,0,22,0,2,0
oshi-dist/oshi-demo,oshi.hardware.platform.linux,LinuxCentralProcessor,947,0,132,0,188,0,83,0,13,0
oshi-dist/oshi-demo,oshi.hardware.platform.linux,LinuxHWDiskStore,582,0,64,0,125,0,50,0,18,0
oshi-dist/oshi-demo,oshi.hardware.platform.linux,LinuxVirtualMemory,215,0,21,0,47,0,22,0,10,0
oshi-dist/oshi-demo,oshi.hardware.platform.linux,LinuxLogicalVolumeGroup,246,0,26,0,42,0,20,0,7,0
oshi-dist/oshi-demo,oshi.hardware.platform.linux,LinuxBaseboard,123,0,16,0,30,0,17,0,9,0
oshi-dist/oshi-demo,oshi.hardware.platform.linux,LinuxNetworkIF,391,0,23,0,83,0,34,0,20,0
oshi-dist/oshi-demo,oshi.hardware.platform.unix.solaris,SolarisGraphicsCard,238,0,42,0,45,0,23,0,2,0
oshi-dist/oshi-demo,oshi.hardware.platform.unix.solaris,SolarisCentralProcessor,554,0,66,0,115,0,45,0,12,0
oshi-dist/oshi-demo,oshi.hardware.platform.unix.solaris,SolarisComputerSystem,342,0,46,0,76,0,34,0,10,0
oshi-dist/oshi-demo,oshi.hardware.platform.unix.solaris,SolarisComputerSystem.SmbiosStrings,91,0,22,0,13,0,12,0,1,0
oshi-dist/oshi-demo,oshi.hardware.platform.unix.solaris,SolarisFirmware,21,0,0,0,8,0,4,0,4,0
oshi-dist/oshi-demo,oshi.hardware.platform.unix.solaris,SolarisHardwareAbstractionLayer,35,0,0,0,12,0,12,0,12,0
oshi-dist/oshi-demo,oshi.hardware.platform.unix.solaris,SolarisPowerSource,291,0,34,0,66,0,21,0,4,0
oshi-dist/oshi-demo,oshi.hardware.platform.unix.solaris,SolarisNetworkIF,155,0,10,0,40,0,19,0,14,0
oshi-dist/oshi-demo,oshi.hardware.platform.unix.solaris,SolarisSoundCard,142,0,18,0,25,0,11,0,2,0
oshi-dist/oshi-demo,oshi.hardware.platform.unix.solaris,SolarisHWDiskStore,228,0,10,0,49,0,17,0,12,0
oshi-dist/oshi-demo,oshi.hardware.platform.unix.solaris,SolarisGlobalMemory,60,0,0,0,11,0,7,0,7,0
oshi-dist/oshi-demo,oshi.hardware.platform.unix.solaris,SolarisUsbDevice,380,0,38,0,72,0,25,0,6,0
oshi-dist/oshi-demo,oshi.hardware.platform.unix.solaris,SolarisSensors,124,0,18,0,27,0,13,0,4,0
oshi-dist/oshi-demo,oshi.hardware.platform.unix.solaris,SolarisVirtualMemory,181,0,6,0,34,0,14,0,11,0
oshi-dist/oshi-demo,oshi.software.os.unix.solaris,SolarisOperatingSystem.PrstatKeywords,93,0,0,0,2,0,1,0,1,0
oshi-dist/oshi-demo,oshi.software.os.unix.solaris,SolarisInternetProtocolStats,332,0,36,0,76,0,30,0,6,0
oshi-dist/oshi-demo,oshi.software.os.unix.solaris,SolarisOSProcess,684,0,52,0,144,0,63,0,35,0
oshi-dist/oshi-demo,oshi.software.os.unix.solaris,SolarisNetworkParams,30,0,2,0,8,0,6,0,5,0
oshi-dist/oshi-demo,oshi.software.os.unix.solaris,SolarisOSProcess.PsThreadColumns,39,0,0,0,2,0,1,0,1,0
oshi-dist/oshi-demo,oshi.software.os.unix.solaris,SolarisOSThread,237,0,14,0,49,0,19,0,12,0
oshi-dist/oshi-demo,oshi.software.os.unix.solaris,SolarisOSFileStore,118,0,6,0,31,0,13,0,10,0
oshi-dist/oshi-demo,oshi.software.os.unix.solaris,SolarisFileSystem,344,0,60,0,75,0,37,0,7,0
oshi-dist/oshi-demo,oshi.software.os.unix.solaris,SolarisOperatingSystem.PsKeywords,93,0,0,0,2,0,1,0,1,0
oshi-dist/oshi-demo,oshi.software.os.unix.solaris,SolarisOperatingSystem,507,0,60,0,99,0,55,0,25,0
oshi-dist/oshi-demo,oshi.driver.mac.disk,Fsstat,67,0,2,0,11,0,4,0,3,0
oshi-dist/oshi-demo,oshi.jna.platform.mac,CoreGraphics,6,0,0,0,1,0,1,0,1,0
oshi-dist/oshi-demo,oshi.jna.platform.mac,SystemB.InSockInfo,15,0,0,0,4,0,1,0,1,0
oshi-dist/oshi-demo,oshi.jna.platform.mac,IOKit.SMCKeyDataKeyInfo,3,0,0,0,1,0,1,0,1,0
oshi-dist/oshi-demo,oshi.jna.platform.mac,IOKit.SMCKeyDataVers,3,0,0,0,1,0,1,0,1,0
oshi-dist/oshi-demo,oshi.jna.platform.mac,SystemB.SocketFdInfo,3,0,0,0,1,0,1,0,1,0
oshi-dist/oshi-demo,oshi.jna.platform.mac,SystemB.ProcFdInfo,3,0,0,0,1,0,1,0,1,0
oshi-dist/oshi-demo,oshi.jna.platform.mac,IOKit.SMCVal,15,0,0,0,4,0,1,0,1,0
oshi-dist/oshi-demo,oshi.jna.platform.mac,CoreGraphics.CGRect,3,0,0,0,1,0,1,0,1,0
oshi-dist/oshi-demo,oshi.jna.platform.mac,SystemB.MacUtmpx,23,0,0,0,6,0,1,0,1,0
oshi-dist/oshi-demo,oshi.jna.platform.mac,SystemB.ProcFileInfo,3,0,0,0,1,0,1,0,1,0
oshi-dist/oshi-demo,oshi.jna.platform.mac,IOKit.SMCKeyData,7,0,0,0,2,0,1,0,1,0
oshi-dist/oshi-demo,oshi.jna.platform.mac,CoreGraphics.CGPoint,3,0,0,0,1,0,1,0,1,0
oshi-dist/oshi-demo,oshi.jna.platform.mac,SystemB.SocketInfo,15,0,0,0,4,0,1,0,1,0
oshi-dist/oshi-demo,oshi.jna.platform.mac,IOKit,6,0,0,0,1,0,1,0,1,0
oshi-dist/oshi-demo,oshi.jna.platform.mac,SystemB,6,0,0,0,1,0,1,0,1,0
oshi-dist/oshi-demo,oshi.jna.platform.mac,SystemB.TcpSockInfo,7,0,0,0,2,0,1,0,1,0
oshi-dist/oshi-demo,oshi.jna.platform.mac,SystemConfiguration.SCNetworkInterfaceRef,7,0,0,0,4,0,2,0,2,0
oshi-dist/oshi-demo,oshi.jna.platform.mac,SystemB.Pri,7,0,0,0,2,0,1,0,1,0
oshi-dist/oshi-demo,oshi.jna.platform.mac,SystemConfiguration,6,0,0,0,1,0,1,0,1,0
oshi-dist/oshi-demo,oshi.jna.platform.mac,CoreGraphics.CGSize,3,0,0,0,1,0,1,0,1,0
oshi-dist/oshi-demo,oshi.jna.platform.mac,IOKit.SMCKeyDataPLimitData,3,0,0,0,1,0,1,0,1,0
oshi-dist/oshi-demo,oshi.driver.unix.openbsd.disk,Disklabel,322,0,28,0,50,0,17,0,3,0
oshi-dist/oshi-demo,oshi.software.common,AbstractOSProcess,106,0,8,0,17,0,10,0,6,0
oshi-dist/oshi-demo,oshi.software.common,AbstractOperatingSystem,359,0,50,0,51,0,44,0,19,0
oshi-dist/oshi-demo,oshi.software.common,AbstractInternetProtocolStats,27,0,0,0,5,0,4,0,4,0
oshi-dist/oshi-demo,oshi.software.common,AbstractOSFileStore,119,0,0,0,21,0,9,0,9,0
oshi-dist/oshi-demo,oshi.software.common,AbstractNetworkParams,184,0,20,0,38,0,17,0,7,0
oshi-dist/oshi-demo,oshi.software.common,AbstractFileSystem,22,0,0,0,6,0,3,0,3,0
oshi-dist/oshi-demo,oshi.software.common,AbstractOSThread,156,0,10,0,17,0,11,0,6,0
oshi-dist/oshi-demo,oshi.hardware,NetworkIF,4,6,0,0,2,3,2,3,2,3
oshi-dist/oshi-demo,oshi.hardware,PhysicalMemory,0,102,0,0,0,19,0,7,0,7
oshi-dist/oshi-demo,oshi.hardware,CentralProcessor.TickType,0,70,0,0,0,13,0,3,0,3
oshi-dist/oshi-demo,oshi.hardware,HardwareAbstractionLayer,2,0,0,0,1,0,1,0,1,0
oshi-dist/oshi-demo,oshi.hardware,HWPartition,0,121,0,2,0,26,0,11,0,10
oshi-dist/oshi-demo,oshi.hardware,CentralProcessor.LogicalProcessor,40,41,0,0,3,14,2,7,2,7
oshi-dist/oshi-demo,oshi.hardware,NetworkIF.IfOperStatus,21,60,2,0,3,11,4,2,3,2
oshi-dist/oshi-demo,oshi.hardware,CentralProcessor.ProcessorIdentifier,72,189,16,12,17,47,16,12,2,12
oshi-dist/oshi-demo,oshi.hardware,PowerSource.CapacityUnits,0,21,0,0,0,4,0,1,0,1
